<profile version="1.0">
  <option name="myName" value="Default" />
  <inspection_tool class="PyPackageRequirementsInspection" enabled="true" level="WARNING" enabled_by_default="true">
    <option name="ignoredPackages">
      <value>
        <list size="11">
          <item index="0" class="java.lang.String" itemvalue="TclBaseLayer" />
          <item index="1" class="java.lang.String" itemvalue="PyJWT" />
          <item index="2" class="java.lang.String" itemvalue="certifi" />
          <item index="3" class="java.lang.String" itemvalue="cryptography" />
          <item index="4" class="java.lang.String" itemvalue="requests" />
          <item index="5" class="java.lang.String" itemvalue="urllib3" />
          <item index="6" class="java.lang.String" itemvalue="pycryptodome" />
          <item index="7" class="java.lang.String" itemvalue="redis" />
          <item index="8" class="java.lang.String" itemvalue="idna" />
          <item index="9" class="java.lang.String" itemvalue="PyMySQL" />
          <item index="10" class="java.lang.String" itemvalue="chardet" />
        </list>
      </value>
    </option>
  </inspection_tool>
  <inspection_tool class="PyPep8Inspection" enabled="true" level="WEAK WARNING" enabled_by_default="true">
    <option name="ignoredErrors">
      <list>
        <option value="W605" />
      </list>
    </option>
  </inspection_tool>
  <inspection_tool class="PyPep8NamingInspection" enabled="true" level="WEAK WARNING" enabled_by_default="true">
    <option name="ignoredErrors">
      <list>
        <option value="N802" />
      </list>
    </option>
  </inspection_tool>
  <inspection_tool class="PyUnresolvedReferencesInspection" enabled="true" level="WARNING" enabled_by_default="true">
    <option name="ignoredIdentifiers">
      <list>
        <option value="property.setter" />
      </list>
    </option>
  </inspection_tool>
  <inspection_tool class="SpellCheckingInspection" enabled="false" level="TYPO" enabled_by_default="false">
    <option name="processCode" value="true" />
    <option name="processLiterals" value="true" />
    <option name="processComments" value="true" />
  </inspection_tool>
  <inspection_tool class="StandardJS" enabled="true" level="ERROR" enabled_by_default="true" />
  <inspection_tool class="WeakerAccess" enabled="false" level="WARNING" enabled_by_default="false">
    <option name="SUGGEST_PACKAGE_LOCAL_FOR_MEMBERS" value="true" />
    <option name="SUGGEST_PACKAGE_LOCAL_FOR_TOP_CLASSES" value="true" />
    <option name="SUGGEST_PRIVATE_FOR_INNERS" value="false" />
  </inspection_tool>
</profile>