<profile version="1.0">
  <option name="myName" value="Default" />
  <inspection_tool class="PyPep8NamingInspection" enabled="true" level="WEAK WARNING" enabled_by_default="true">
    <option name="ignoredErrors">
      <list>
        <option value="N802" />
      </list>
    </option>
  </inspection_tool>
  <inspection_tool class="PyUnresolvedReferencesInspection" enabled="true" level="WARNING" enabled_by_default="true">
    <option name="ignoredIdentifiers">
      <list>
        <option value="property.setter" />
      </list>
    </option>
  </inspection_tool>
  <inspection_tool class="SpellCheckingInspection" enabled="false" level="TYPO" enabled_by_default="false">
    <option name="processCode" value="true" />
    <option name="processLiterals" value="true" />
    <option name="processComments" value="true" />
  </inspection_tool>
  <inspection_tool class="WeakerAccess" enabled="false" level="WARNING" enabled_by_default="false">
    <option name="SUGGEST_PACKAGE_LOCAL_FOR_MEMBERS" value="true" />
    <option name="SUGGEST_PACKAGE_LOCAL_FOR_TOP_CLASSES" value="true" />
    <option name="SUGGEST_PRIVATE_FOR_INNERS" value="false" />
  </inspection_tool>
</profile>