<application>
  <component name="ProjectJdkTable">
    <jdk version="2">
      <name value="1.8.0_231" />
      <type value="JavaSDK" />
      <version value="java version &quot;1.8.0_231&quot;" />
      <homePath value="C:/dev/Java/jdk1.8.0_231" />
      <roots>
        <classPath>
          <root type="composite">
            <root url="jar://C:/dev/Java/jdk1.8.0_231/jre/lib/charsets.jar!/" type="simple" />
            <root url="jar://C:/dev/Java/jdk1.8.0_231/jre/lib/deploy.jar!/" type="simple" />
            <root url="jar://C:/dev/Java/jdk1.8.0_231/jre/lib/ext/access-bridge-64.jar!/" type="simple" />
            <root url="jar://C:/dev/Java/jdk1.8.0_231/jre/lib/ext/cldrdata.jar!/" type="simple" />
            <root url="jar://C:/dev/Java/jdk1.8.0_231/jre/lib/ext/dnsns.jar!/" type="simple" />
            <root url="jar://C:/dev/Java/jdk1.8.0_231/jre/lib/ext/jaccess.jar!/" type="simple" />
            <root url="jar://C:/dev/Java/jdk1.8.0_231/jre/lib/ext/jfxrt.jar!/" type="simple" />
            <root url="jar://C:/dev/Java/jdk1.8.0_231/jre/lib/ext/localedata.jar!/" type="simple" />
            <root url="jar://C:/dev/Java/jdk1.8.0_231/jre/lib/ext/nashorn.jar!/" type="simple" />
            <root url="jar://C:/dev/Java/jdk1.8.0_231/jre/lib/ext/sunec.jar!/" type="simple" />
            <root url="jar://C:/dev/Java/jdk1.8.0_231/jre/lib/ext/sunjce_provider.jar!/" type="simple" />
            <root url="jar://C:/dev/Java/jdk1.8.0_231/jre/lib/ext/sunmscapi.jar!/" type="simple" />
            <root url="jar://C:/dev/Java/jdk1.8.0_231/jre/lib/ext/sunpkcs11.jar!/" type="simple" />
            <root url="jar://C:/dev/Java/jdk1.8.0_231/jre/lib/ext/zipfs.jar!/" type="simple" />
            <root url="jar://C:/dev/Java/jdk1.8.0_231/jre/lib/javaws.jar!/" type="simple" />
            <root url="jar://C:/dev/Java/jdk1.8.0_231/jre/lib/jce.jar!/" type="simple" />
            <root url="jar://C:/dev/Java/jdk1.8.0_231/jre/lib/jfr.jar!/" type="simple" />
            <root url="jar://C:/dev/Java/jdk1.8.0_231/jre/lib/jfxswt.jar!/" type="simple" />
            <root url="jar://C:/dev/Java/jdk1.8.0_231/jre/lib/jsse.jar!/" type="simple" />
            <root url="jar://C:/dev/Java/jdk1.8.0_231/jre/lib/management-agent.jar!/" type="simple" />
            <root url="jar://C:/dev/Java/jdk1.8.0_231/jre/lib/plugin.jar!/" type="simple" />
            <root url="jar://C:/dev/Java/jdk1.8.0_231/jre/lib/resources.jar!/" type="simple" />
            <root url="jar://C:/dev/Java/jdk1.8.0_231/jre/lib/rt.jar!/" type="simple" />
          </root>
        </classPath>
        <sourcePath>
          <root type="composite">
            <root url="jar://C:/dev/Java/jdk1.8.0_231/src.zip!/" type="simple" />
            <root url="jar://C:/dev/Java/jdk1.8.0_231/javafx-src.zip!/" type="simple" />
          </root>
        </sourcePath>
      </roots>
      <additional />
    </jdk>
    <jdk version="2">
      <name value="11.0.5" />
      <type value="JavaSDK" />
      <version value="java version &quot;11.0.5&quot;" />
      <homePath value="C:/dev/Java/jdk-11.0.5" />
      <roots>
        <classPath>
          <root type="composite">
            <root url="jrt://C:/dev/Java/jdk-11.0.5!/java.base" type="simple" />
            <root url="jrt://C:/dev/Java/jdk-11.0.5!/java.compiler" type="simple" />
            <root url="jrt://C:/dev/Java/jdk-11.0.5!/java.datatransfer" type="simple" />
            <root url="jrt://C:/dev/Java/jdk-11.0.5!/java.desktop" type="simple" />
            <root url="jrt://C:/dev/Java/jdk-11.0.5!/java.instrument" type="simple" />
            <root url="jrt://C:/dev/Java/jdk-11.0.5!/java.logging" type="simple" />
            <root url="jrt://C:/dev/Java/jdk-11.0.5!/java.management" type="simple" />
            <root url="jrt://C:/dev/Java/jdk-11.0.5!/java.management.rmi" type="simple" />
            <root url="jrt://C:/dev/Java/jdk-11.0.5!/java.naming" type="simple" />
            <root url="jrt://C:/dev/Java/jdk-11.0.5!/java.net.http" type="simple" />
            <root url="jrt://C:/dev/Java/jdk-11.0.5!/java.prefs" type="simple" />
            <root url="jrt://C:/dev/Java/jdk-11.0.5!/java.rmi" type="simple" />
            <root url="jrt://C:/dev/Java/jdk-11.0.5!/java.scripting" type="simple" />
            <root url="jrt://C:/dev/Java/jdk-11.0.5!/java.se" type="simple" />
            <root url="jrt://C:/dev/Java/jdk-11.0.5!/java.security.jgss" type="simple" />
            <root url="jrt://C:/dev/Java/jdk-11.0.5!/java.security.sasl" type="simple" />
            <root url="jrt://C:/dev/Java/jdk-11.0.5!/java.smartcardio" type="simple" />
            <root url="jrt://C:/dev/Java/jdk-11.0.5!/java.sql" type="simple" />
            <root url="jrt://C:/dev/Java/jdk-11.0.5!/java.sql.rowset" type="simple" />
            <root url="jrt://C:/dev/Java/jdk-11.0.5!/java.transaction.xa" type="simple" />
            <root url="jrt://C:/dev/Java/jdk-11.0.5!/java.xml" type="simple" />
            <root url="jrt://C:/dev/Java/jdk-11.0.5!/java.xml.crypto" type="simple" />
            <root url="jrt://C:/dev/Java/jdk-11.0.5!/jdk.accessibility" type="simple" />
            <root url="jrt://C:/dev/Java/jdk-11.0.5!/jdk.aot" type="simple" />
            <root url="jrt://C:/dev/Java/jdk-11.0.5!/jdk.attach" type="simple" />
            <root url="jrt://C:/dev/Java/jdk-11.0.5!/jdk.charsets" type="simple" />
            <root url="jrt://C:/dev/Java/jdk-11.0.5!/jdk.compiler" type="simple" />
            <root url="jrt://C:/dev/Java/jdk-11.0.5!/jdk.crypto.cryptoki" type="simple" />
            <root url="jrt://C:/dev/Java/jdk-11.0.5!/jdk.crypto.ec" type="simple" />
            <root url="jrt://C:/dev/Java/jdk-11.0.5!/jdk.crypto.mscapi" type="simple" />
            <root url="jrt://C:/dev/Java/jdk-11.0.5!/jdk.dynalink" type="simple" />
            <root url="jrt://C:/dev/Java/jdk-11.0.5!/jdk.editpad" type="simple" />
            <root url="jrt://C:/dev/Java/jdk-11.0.5!/jdk.hotspot.agent" type="simple" />
            <root url="jrt://C:/dev/Java/jdk-11.0.5!/jdk.httpserver" type="simple" />
            <root url="jrt://C:/dev/Java/jdk-11.0.5!/jdk.internal.ed" type="simple" />
            <root url="jrt://C:/dev/Java/jdk-11.0.5!/jdk.internal.jvmstat" type="simple" />
            <root url="jrt://C:/dev/Java/jdk-11.0.5!/jdk.internal.le" type="simple" />
            <root url="jrt://C:/dev/Java/jdk-11.0.5!/jdk.internal.opt" type="simple" />
            <root url="jrt://C:/dev/Java/jdk-11.0.5!/jdk.internal.vm.ci" type="simple" />
            <root url="jrt://C:/dev/Java/jdk-11.0.5!/jdk.internal.vm.compiler" type="simple" />
            <root url="jrt://C:/dev/Java/jdk-11.0.5!/jdk.internal.vm.compiler.management" type="simple" />
            <root url="jrt://C:/dev/Java/jdk-11.0.5!/jdk.jartool" type="simple" />
            <root url="jrt://C:/dev/Java/jdk-11.0.5!/jdk.javadoc" type="simple" />
            <root url="jrt://C:/dev/Java/jdk-11.0.5!/jdk.jcmd" type="simple" />
            <root url="jrt://C:/dev/Java/jdk-11.0.5!/jdk.jconsole" type="simple" />
            <root url="jrt://C:/dev/Java/jdk-11.0.5!/jdk.jdeps" type="simple" />
            <root url="jrt://C:/dev/Java/jdk-11.0.5!/jdk.jdi" type="simple" />
            <root url="jrt://C:/dev/Java/jdk-11.0.5!/jdk.jdwp.agent" type="simple" />
            <root url="jrt://C:/dev/Java/jdk-11.0.5!/jdk.jfr" type="simple" />
            <root url="jrt://C:/dev/Java/jdk-11.0.5!/jdk.jlink" type="simple" />
            <root url="jrt://C:/dev/Java/jdk-11.0.5!/jdk.jshell" type="simple" />
            <root url="jrt://C:/dev/Java/jdk-11.0.5!/jdk.jsobject" type="simple" />
            <root url="jrt://C:/dev/Java/jdk-11.0.5!/jdk.jstatd" type="simple" />
            <root url="jrt://C:/dev/Java/jdk-11.0.5!/jdk.localedata" type="simple" />
            <root url="jrt://C:/dev/Java/jdk-11.0.5!/jdk.management" type="simple" />
            <root url="jrt://C:/dev/Java/jdk-11.0.5!/jdk.management.agent" type="simple" />
            <root url="jrt://C:/dev/Java/jdk-11.0.5!/jdk.management.jfr" type="simple" />
            <root url="jrt://C:/dev/Java/jdk-11.0.5!/jdk.naming.dns" type="simple" />
            <root url="jrt://C:/dev/Java/jdk-11.0.5!/jdk.naming.rmi" type="simple" />
            <root url="jrt://C:/dev/Java/jdk-11.0.5!/jdk.net" type="simple" />
            <root url="jrt://C:/dev/Java/jdk-11.0.5!/jdk.pack" type="simple" />
            <root url="jrt://C:/dev/Java/jdk-11.0.5!/jdk.rmic" type="simple" />
            <root url="jrt://C:/dev/Java/jdk-11.0.5!/jdk.scripting.nashorn" type="simple" />
            <root url="jrt://C:/dev/Java/jdk-11.0.5!/jdk.scripting.nashorn.shell" type="simple" />
            <root url="jrt://C:/dev/Java/jdk-11.0.5!/jdk.sctp" type="simple" />
            <root url="jrt://C:/dev/Java/jdk-11.0.5!/jdk.security.auth" type="simple" />
            <root url="jrt://C:/dev/Java/jdk-11.0.5!/jdk.security.jgss" type="simple" />
            <root url="jrt://C:/dev/Java/jdk-11.0.5!/jdk.unsupported" type="simple" />
            <root url="jrt://C:/dev/Java/jdk-11.0.5!/jdk.unsupported.desktop" type="simple" />
            <root url="jrt://C:/dev/Java/jdk-11.0.5!/jdk.xml.dom" type="simple" />
            <root url="jrt://C:/dev/Java/jdk-11.0.5!/jdk.zipfs" type="simple" />
          </root>
        </classPath>
        <sourcePath>
          <root type="composite">
            <root url="jar://C:/dev/Java/jdk-11.0.5/lib/src.zip!/java.se" type="simple" />
            <root url="jar://C:/dev/Java/jdk-11.0.5/lib/src.zip!/jdk.aot" type="simple" />
            <root url="jar://C:/dev/Java/jdk-11.0.5/lib/src.zip!/jdk.jdi" type="simple" />
            <root url="jar://C:/dev/Java/jdk-11.0.5/lib/src.zip!/jdk.jfr" type="simple" />
            <root url="jar://C:/dev/Java/jdk-11.0.5/lib/src.zip!/jdk.net" type="simple" />
            <root url="jar://C:/dev/Java/jdk-11.0.5/lib/src.zip!/java.rmi" type="simple" />
            <root url="jar://C:/dev/Java/jdk-11.0.5/lib/src.zip!/java.sql" type="simple" />
            <root url="jar://C:/dev/Java/jdk-11.0.5/lib/src.zip!/java.xml" type="simple" />
            <root url="jar://C:/dev/Java/jdk-11.0.5/lib/src.zip!/jdk.jcmd" type="simple" />
            <root url="jar://C:/dev/Java/jdk-11.0.5/lib/src.zip!/jdk.pack" type="simple" />
            <root url="jar://C:/dev/Java/jdk-11.0.5/lib/src.zip!/jdk.rmic" type="simple" />
            <root url="jar://C:/dev/Java/jdk-11.0.5/lib/src.zip!/jdk.sctp" type="simple" />
            <root url="jar://C:/dev/Java/jdk-11.0.5/lib/src.zip!/java.base" type="simple" />
            <root url="jar://C:/dev/Java/jdk-11.0.5/lib/src.zip!/jdk.jdeps" type="simple" />
            <root url="jar://C:/dev/Java/jdk-11.0.5/lib/src.zip!/jdk.jlink" type="simple" />
            <root url="jar://C:/dev/Java/jdk-11.0.5/lib/src.zip!/jdk.zipfs" type="simple" />
            <root url="jar://C:/dev/Java/jdk-11.0.5/lib/src.zip!/java.prefs" type="simple" />
            <root url="jar://C:/dev/Java/jdk-11.0.5/lib/src.zip!/jdk.attach" type="simple" />
            <root url="jar://C:/dev/Java/jdk-11.0.5/lib/src.zip!/jdk.jshell" type="simple" />
            <root url="jar://C:/dev/Java/jdk-11.0.5/lib/src.zip!/jdk.jstatd" type="simple" />
            <root url="jar://C:/dev/Java/jdk-11.0.5/lib/src.zip!/java.naming" type="simple" />
            <root url="jar://C:/dev/Java/jdk-11.0.5/lib/src.zip!/jdk.editpad" type="simple" />
            <root url="jar://C:/dev/Java/jdk-11.0.5/lib/src.zip!/jdk.jartool" type="simple" />
            <root url="jar://C:/dev/Java/jdk-11.0.5/lib/src.zip!/jdk.javadoc" type="simple" />
            <root url="jar://C:/dev/Java/jdk-11.0.5/lib/src.zip!/jdk.xml.dom" type="simple" />
            <root url="jar://C:/dev/Java/jdk-11.0.5/lib/src.zip!/java.desktop" type="simple" />
            <root url="jar://C:/dev/Java/jdk-11.0.5/lib/src.zip!/java.logging" type="simple" />
            <root url="jar://C:/dev/Java/jdk-11.0.5/lib/src.zip!/jdk.charsets" type="simple" />
            <root url="jar://C:/dev/Java/jdk-11.0.5/lib/src.zip!/jdk.compiler" type="simple" />
            <root url="jar://C:/dev/Java/jdk-11.0.5/lib/src.zip!/jdk.dynalink" type="simple" />
            <root url="jar://C:/dev/Java/jdk-11.0.5/lib/src.zip!/jdk.jconsole" type="simple" />
            <root url="jar://C:/dev/Java/jdk-11.0.5/lib/src.zip!/jdk.jsobject" type="simple" />
            <root url="jar://C:/dev/Java/jdk-11.0.5/lib/src.zip!/java.compiler" type="simple" />
            <root url="jar://C:/dev/Java/jdk-11.0.5/lib/src.zip!/java.net.http" type="simple" />
            <root url="jar://C:/dev/Java/jdk-11.0.5/lib/src.zip!/jdk.crypto.ec" type="simple" />
            <root url="jar://C:/dev/Java/jdk-11.0.5/lib/src.zip!/java.scripting" type="simple" />
            <root url="jar://C:/dev/Java/jdk-11.0.5/lib/src.zip!/jdk.httpserver" type="simple" />
            <root url="jar://C:/dev/Java/jdk-11.0.5/lib/src.zip!/jdk.jdwp.agent" type="simple" />
            <root url="jar://C:/dev/Java/jdk-11.0.5/lib/src.zip!/jdk.localedata" type="simple" />
            <root url="jar://C:/dev/Java/jdk-11.0.5/lib/src.zip!/jdk.management" type="simple" />
            <root url="jar://C:/dev/Java/jdk-11.0.5/lib/src.zip!/jdk.naming.dns" type="simple" />
            <root url="jar://C:/dev/Java/jdk-11.0.5/lib/src.zip!/jdk.naming.rmi" type="simple" />
            <root url="jar://C:/dev/Java/jdk-11.0.5/lib/src.zip!/java.instrument" type="simple" />
            <root url="jar://C:/dev/Java/jdk-11.0.5/lib/src.zip!/java.management" type="simple" />
            <root url="jar://C:/dev/Java/jdk-11.0.5/lib/src.zip!/java.sql.rowset" type="simple" />
            <root url="jar://C:/dev/Java/jdk-11.0.5/lib/src.zip!/java.xml.crypto" type="simple" />
            <root url="jar://C:/dev/Java/jdk-11.0.5/lib/src.zip!/jdk.internal.ed" type="simple" />
            <root url="jar://C:/dev/Java/jdk-11.0.5/lib/src.zip!/jdk.internal.le" type="simple" />
            <root url="jar://C:/dev/Java/jdk-11.0.5/lib/src.zip!/jdk.unsupported" type="simple" />
            <root url="jar://C:/dev/Java/jdk-11.0.5/lib/src.zip!/java.smartcardio" type="simple" />
            <root url="jar://C:/dev/Java/jdk-11.0.5/lib/src.zip!/jdk.internal.opt" type="simple" />
            <root url="jar://C:/dev/Java/jdk-11.0.5/lib/src.zip!/java.datatransfer" type="simple" />
            <root url="jar://C:/dev/Java/jdk-11.0.5/lib/src.zip!/jdk.accessibility" type="simple" />
            <root url="jar://C:/dev/Java/jdk-11.0.5/lib/src.zip!/jdk.crypto.mscapi" type="simple" />
            <root url="jar://C:/dev/Java/jdk-11.0.5/lib/src.zip!/jdk.hotspot.agent" type="simple" />
            <root url="jar://C:/dev/Java/jdk-11.0.5/lib/src.zip!/jdk.security.auth" type="simple" />
            <root url="jar://C:/dev/Java/jdk-11.0.5/lib/src.zip!/jdk.security.jgss" type="simple" />
            <root url="jar://C:/dev/Java/jdk-11.0.5/lib/src.zip!/java.security.jgss" type="simple" />
            <root url="jar://C:/dev/Java/jdk-11.0.5/lib/src.zip!/java.security.sasl" type="simple" />
            <root url="jar://C:/dev/Java/jdk-11.0.5/lib/src.zip!/jdk.internal.vm.ci" type="simple" />
            <root url="jar://C:/dev/Java/jdk-11.0.5/lib/src.zip!/jdk.management.jfr" type="simple" />
            <root url="jar://C:/dev/Java/jdk-11.0.5/lib/src.zip!/java.management.rmi" type="simple" />
            <root url="jar://C:/dev/Java/jdk-11.0.5/lib/src.zip!/java.transaction.xa" type="simple" />
            <root url="jar://C:/dev/Java/jdk-11.0.5/lib/src.zip!/jdk.crypto.cryptoki" type="simple" />
            <root url="jar://C:/dev/Java/jdk-11.0.5/lib/src.zip!/jdk.internal.jvmstat" type="simple" />
            <root url="jar://C:/dev/Java/jdk-11.0.5/lib/src.zip!/jdk.management.agent" type="simple" />
            <root url="jar://C:/dev/Java/jdk-11.0.5/lib/src.zip!/jdk.scripting.nashorn" type="simple" />
            <root url="jar://C:/dev/Java/jdk-11.0.5/lib/src.zip!/jdk.unsupported.desktop" type="simple" />
            <root url="jar://C:/dev/Java/jdk-11.0.5/lib/src.zip!/jdk.internal.vm.compiler" type="simple" />
            <root url="jar://C:/dev/Java/jdk-11.0.5/lib/src.zip!/jdk.scripting.nashorn.shell" type="simple" />
            <root url="jar://C:/dev/Java/jdk-11.0.5/lib/src.zip!/jdk.internal.vm.compiler.management" type="simple" />
          </root>
        </sourcePath>
      </roots>
      <additional />
    </jdk>
    <jdk version="2">
      <name value="13.0.1" />
      <type value="JavaSDK" />
      <version value="java version &quot;13.0.1&quot;" />
      <homePath value="C:/dev/Java/jdk-13.0.1" />
      <roots>
        <classPath>
          <root type="composite">
            <root url="jrt://C:/dev/Java/jdk-13.0.1!/java.base" type="simple" />
            <root url="jrt://C:/dev/Java/jdk-13.0.1!/java.compiler" type="simple" />
            <root url="jrt://C:/dev/Java/jdk-13.0.1!/java.datatransfer" type="simple" />
            <root url="jrt://C:/dev/Java/jdk-13.0.1!/java.desktop" type="simple" />
            <root url="jrt://C:/dev/Java/jdk-13.0.1!/java.instrument" type="simple" />
            <root url="jrt://C:/dev/Java/jdk-13.0.1!/java.logging" type="simple" />
            <root url="jrt://C:/dev/Java/jdk-13.0.1!/java.management" type="simple" />
            <root url="jrt://C:/dev/Java/jdk-13.0.1!/java.management.rmi" type="simple" />
            <root url="jrt://C:/dev/Java/jdk-13.0.1!/java.naming" type="simple" />
            <root url="jrt://C:/dev/Java/jdk-13.0.1!/java.net.http" type="simple" />
            <root url="jrt://C:/dev/Java/jdk-13.0.1!/java.prefs" type="simple" />
            <root url="jrt://C:/dev/Java/jdk-13.0.1!/java.rmi" type="simple" />
            <root url="jrt://C:/dev/Java/jdk-13.0.1!/java.scripting" type="simple" />
            <root url="jrt://C:/dev/Java/jdk-13.0.1!/java.se" type="simple" />
            <root url="jrt://C:/dev/Java/jdk-13.0.1!/java.security.jgss" type="simple" />
            <root url="jrt://C:/dev/Java/jdk-13.0.1!/java.security.sasl" type="simple" />
            <root url="jrt://C:/dev/Java/jdk-13.0.1!/java.smartcardio" type="simple" />
            <root url="jrt://C:/dev/Java/jdk-13.0.1!/java.sql" type="simple" />
            <root url="jrt://C:/dev/Java/jdk-13.0.1!/java.sql.rowset" type="simple" />
            <root url="jrt://C:/dev/Java/jdk-13.0.1!/java.transaction.xa" type="simple" />
            <root url="jrt://C:/dev/Java/jdk-13.0.1!/java.xml" type="simple" />
            <root url="jrt://C:/dev/Java/jdk-13.0.1!/java.xml.crypto" type="simple" />
            <root url="jrt://C:/dev/Java/jdk-13.0.1!/jdk.accessibility" type="simple" />
            <root url="jrt://C:/dev/Java/jdk-13.0.1!/jdk.aot" type="simple" />
            <root url="jrt://C:/dev/Java/jdk-13.0.1!/jdk.attach" type="simple" />
            <root url="jrt://C:/dev/Java/jdk-13.0.1!/jdk.charsets" type="simple" />
            <root url="jrt://C:/dev/Java/jdk-13.0.1!/jdk.compiler" type="simple" />
            <root url="jrt://C:/dev/Java/jdk-13.0.1!/jdk.crypto.cryptoki" type="simple" />
            <root url="jrt://C:/dev/Java/jdk-13.0.1!/jdk.crypto.ec" type="simple" />
            <root url="jrt://C:/dev/Java/jdk-13.0.1!/jdk.crypto.mscapi" type="simple" />
            <root url="jrt://C:/dev/Java/jdk-13.0.1!/jdk.dynalink" type="simple" />
            <root url="jrt://C:/dev/Java/jdk-13.0.1!/jdk.editpad" type="simple" />
            <root url="jrt://C:/dev/Java/jdk-13.0.1!/jdk.hotspot.agent" type="simple" />
            <root url="jrt://C:/dev/Java/jdk-13.0.1!/jdk.httpserver" type="simple" />
            <root url="jrt://C:/dev/Java/jdk-13.0.1!/jdk.internal.ed" type="simple" />
            <root url="jrt://C:/dev/Java/jdk-13.0.1!/jdk.internal.jvmstat" type="simple" />
            <root url="jrt://C:/dev/Java/jdk-13.0.1!/jdk.internal.le" type="simple" />
            <root url="jrt://C:/dev/Java/jdk-13.0.1!/jdk.internal.opt" type="simple" />
            <root url="jrt://C:/dev/Java/jdk-13.0.1!/jdk.internal.vm.ci" type="simple" />
            <root url="jrt://C:/dev/Java/jdk-13.0.1!/jdk.internal.vm.compiler" type="simple" />
            <root url="jrt://C:/dev/Java/jdk-13.0.1!/jdk.internal.vm.compiler.management" type="simple" />
            <root url="jrt://C:/dev/Java/jdk-13.0.1!/jdk.jartool" type="simple" />
            <root url="jrt://C:/dev/Java/jdk-13.0.1!/jdk.javadoc" type="simple" />
            <root url="jrt://C:/dev/Java/jdk-13.0.1!/jdk.jcmd" type="simple" />
            <root url="jrt://C:/dev/Java/jdk-13.0.1!/jdk.jconsole" type="simple" />
            <root url="jrt://C:/dev/Java/jdk-13.0.1!/jdk.jdeps" type="simple" />
            <root url="jrt://C:/dev/Java/jdk-13.0.1!/jdk.jdi" type="simple" />
            <root url="jrt://C:/dev/Java/jdk-13.0.1!/jdk.jdwp.agent" type="simple" />
            <root url="jrt://C:/dev/Java/jdk-13.0.1!/jdk.jfr" type="simple" />
            <root url="jrt://C:/dev/Java/jdk-13.0.1!/jdk.jlink" type="simple" />
            <root url="jrt://C:/dev/Java/jdk-13.0.1!/jdk.jshell" type="simple" />
            <root url="jrt://C:/dev/Java/jdk-13.0.1!/jdk.jsobject" type="simple" />
            <root url="jrt://C:/dev/Java/jdk-13.0.1!/jdk.jstatd" type="simple" />
            <root url="jrt://C:/dev/Java/jdk-13.0.1!/jdk.localedata" type="simple" />
            <root url="jrt://C:/dev/Java/jdk-13.0.1!/jdk.management" type="simple" />
            <root url="jrt://C:/dev/Java/jdk-13.0.1!/jdk.management.agent" type="simple" />
            <root url="jrt://C:/dev/Java/jdk-13.0.1!/jdk.management.jfr" type="simple" />
            <root url="jrt://C:/dev/Java/jdk-13.0.1!/jdk.naming.dns" type="simple" />
            <root url="jrt://C:/dev/Java/jdk-13.0.1!/jdk.naming.rmi" type="simple" />
            <root url="jrt://C:/dev/Java/jdk-13.0.1!/jdk.net" type="simple" />
            <root url="jrt://C:/dev/Java/jdk-13.0.1!/jdk.pack" type="simple" />
            <root url="jrt://C:/dev/Java/jdk-13.0.1!/jdk.rmic" type="simple" />
            <root url="jrt://C:/dev/Java/jdk-13.0.1!/jdk.scripting.nashorn" type="simple" />
            <root url="jrt://C:/dev/Java/jdk-13.0.1!/jdk.scripting.nashorn.shell" type="simple" />
            <root url="jrt://C:/dev/Java/jdk-13.0.1!/jdk.sctp" type="simple" />
            <root url="jrt://C:/dev/Java/jdk-13.0.1!/jdk.security.auth" type="simple" />
            <root url="jrt://C:/dev/Java/jdk-13.0.1!/jdk.security.jgss" type="simple" />
            <root url="jrt://C:/dev/Java/jdk-13.0.1!/jdk.unsupported" type="simple" />
            <root url="jrt://C:/dev/Java/jdk-13.0.1!/jdk.unsupported.desktop" type="simple" />
            <root url="jrt://C:/dev/Java/jdk-13.0.1!/jdk.xml.dom" type="simple" />
            <root url="jrt://C:/dev/Java/jdk-13.0.1!/jdk.zipfs" type="simple" />
          </root>
        </classPath>
        <sourcePath>
          <root type="composite">
            <root url="jar://C:/dev/Java/jdk-13.0.1/lib/src.zip!/java.se" type="simple" />
            <root url="jar://C:/dev/Java/jdk-13.0.1/lib/src.zip!/jdk.aot" type="simple" />
            <root url="jar://C:/dev/Java/jdk-13.0.1/lib/src.zip!/jdk.jdi" type="simple" />
            <root url="jar://C:/dev/Java/jdk-13.0.1/lib/src.zip!/jdk.jfr" type="simple" />
            <root url="jar://C:/dev/Java/jdk-13.0.1/lib/src.zip!/jdk.net" type="simple" />
            <root url="jar://C:/dev/Java/jdk-13.0.1/lib/src.zip!/java.rmi" type="simple" />
            <root url="jar://C:/dev/Java/jdk-13.0.1/lib/src.zip!/java.sql" type="simple" />
            <root url="jar://C:/dev/Java/jdk-13.0.1/lib/src.zip!/java.xml" type="simple" />
            <root url="jar://C:/dev/Java/jdk-13.0.1/lib/src.zip!/jdk.jcmd" type="simple" />
            <root url="jar://C:/dev/Java/jdk-13.0.1/lib/src.zip!/jdk.pack" type="simple" />
            <root url="jar://C:/dev/Java/jdk-13.0.1/lib/src.zip!/jdk.rmic" type="simple" />
            <root url="jar://C:/dev/Java/jdk-13.0.1/lib/src.zip!/jdk.sctp" type="simple" />
            <root url="jar://C:/dev/Java/jdk-13.0.1/lib/src.zip!/java.base" type="simple" />
            <root url="jar://C:/dev/Java/jdk-13.0.1/lib/src.zip!/jdk.jdeps" type="simple" />
            <root url="jar://C:/dev/Java/jdk-13.0.1/lib/src.zip!/jdk.jlink" type="simple" />
            <root url="jar://C:/dev/Java/jdk-13.0.1/lib/src.zip!/jdk.zipfs" type="simple" />
            <root url="jar://C:/dev/Java/jdk-13.0.1/lib/src.zip!/java.prefs" type="simple" />
            <root url="jar://C:/dev/Java/jdk-13.0.1/lib/src.zip!/jdk.attach" type="simple" />
            <root url="jar://C:/dev/Java/jdk-13.0.1/lib/src.zip!/jdk.jshell" type="simple" />
            <root url="jar://C:/dev/Java/jdk-13.0.1/lib/src.zip!/jdk.jstatd" type="simple" />
            <root url="jar://C:/dev/Java/jdk-13.0.1/lib/src.zip!/java.naming" type="simple" />
            <root url="jar://C:/dev/Java/jdk-13.0.1/lib/src.zip!/jdk.editpad" type="simple" />
            <root url="jar://C:/dev/Java/jdk-13.0.1/lib/src.zip!/jdk.jartool" type="simple" />
            <root url="jar://C:/dev/Java/jdk-13.0.1/lib/src.zip!/jdk.javadoc" type="simple" />
            <root url="jar://C:/dev/Java/jdk-13.0.1/lib/src.zip!/jdk.xml.dom" type="simple" />
            <root url="jar://C:/dev/Java/jdk-13.0.1/lib/src.zip!/java.desktop" type="simple" />
            <root url="jar://C:/dev/Java/jdk-13.0.1/lib/src.zip!/java.logging" type="simple" />
            <root url="jar://C:/dev/Java/jdk-13.0.1/lib/src.zip!/jdk.charsets" type="simple" />
            <root url="jar://C:/dev/Java/jdk-13.0.1/lib/src.zip!/jdk.compiler" type="simple" />
            <root url="jar://C:/dev/Java/jdk-13.0.1/lib/src.zip!/jdk.dynalink" type="simple" />
            <root url="jar://C:/dev/Java/jdk-13.0.1/lib/src.zip!/jdk.jconsole" type="simple" />
            <root url="jar://C:/dev/Java/jdk-13.0.1/lib/src.zip!/jdk.jsobject" type="simple" />
            <root url="jar://C:/dev/Java/jdk-13.0.1/lib/src.zip!/java.compiler" type="simple" />
            <root url="jar://C:/dev/Java/jdk-13.0.1/lib/src.zip!/java.net.http" type="simple" />
            <root url="jar://C:/dev/Java/jdk-13.0.1/lib/src.zip!/jdk.crypto.ec" type="simple" />
            <root url="jar://C:/dev/Java/jdk-13.0.1/lib/src.zip!/java.scripting" type="simple" />
            <root url="jar://C:/dev/Java/jdk-13.0.1/lib/src.zip!/jdk.httpserver" type="simple" />
            <root url="jar://C:/dev/Java/jdk-13.0.1/lib/src.zip!/jdk.jdwp.agent" type="simple" />
            <root url="jar://C:/dev/Java/jdk-13.0.1/lib/src.zip!/jdk.localedata" type="simple" />
            <root url="jar://C:/dev/Java/jdk-13.0.1/lib/src.zip!/jdk.management" type="simple" />
            <root url="jar://C:/dev/Java/jdk-13.0.1/lib/src.zip!/jdk.naming.dns" type="simple" />
            <root url="jar://C:/dev/Java/jdk-13.0.1/lib/src.zip!/jdk.naming.rmi" type="simple" />
            <root url="jar://C:/dev/Java/jdk-13.0.1/lib/src.zip!/java.instrument" type="simple" />
            <root url="jar://C:/dev/Java/jdk-13.0.1/lib/src.zip!/java.management" type="simple" />
            <root url="jar://C:/dev/Java/jdk-13.0.1/lib/src.zip!/java.sql.rowset" type="simple" />
            <root url="jar://C:/dev/Java/jdk-13.0.1/lib/src.zip!/java.xml.crypto" type="simple" />
            <root url="jar://C:/dev/Java/jdk-13.0.1/lib/src.zip!/jdk.internal.ed" type="simple" />
            <root url="jar://C:/dev/Java/jdk-13.0.1/lib/src.zip!/jdk.internal.le" type="simple" />
            <root url="jar://C:/dev/Java/jdk-13.0.1/lib/src.zip!/jdk.unsupported" type="simple" />
            <root url="jar://C:/dev/Java/jdk-13.0.1/lib/src.zip!/java.smartcardio" type="simple" />
            <root url="jar://C:/dev/Java/jdk-13.0.1/lib/src.zip!/jdk.internal.opt" type="simple" />
            <root url="jar://C:/dev/Java/jdk-13.0.1/lib/src.zip!/java.datatransfer" type="simple" />
            <root url="jar://C:/dev/Java/jdk-13.0.1/lib/src.zip!/jdk.accessibility" type="simple" />
            <root url="jar://C:/dev/Java/jdk-13.0.1/lib/src.zip!/jdk.crypto.mscapi" type="simple" />
            <root url="jar://C:/dev/Java/jdk-13.0.1/lib/src.zip!/jdk.hotspot.agent" type="simple" />
            <root url="jar://C:/dev/Java/jdk-13.0.1/lib/src.zip!/jdk.security.auth" type="simple" />
            <root url="jar://C:/dev/Java/jdk-13.0.1/lib/src.zip!/jdk.security.jgss" type="simple" />
            <root url="jar://C:/dev/Java/jdk-13.0.1/lib/src.zip!/java.security.jgss" type="simple" />
            <root url="jar://C:/dev/Java/jdk-13.0.1/lib/src.zip!/java.security.sasl" type="simple" />
            <root url="jar://C:/dev/Java/jdk-13.0.1/lib/src.zip!/jdk.internal.vm.ci" type="simple" />
            <root url="jar://C:/dev/Java/jdk-13.0.1/lib/src.zip!/jdk.management.jfr" type="simple" />
            <root url="jar://C:/dev/Java/jdk-13.0.1/lib/src.zip!/java.management.rmi" type="simple" />
            <root url="jar://C:/dev/Java/jdk-13.0.1/lib/src.zip!/java.transaction.xa" type="simple" />
            <root url="jar://C:/dev/Java/jdk-13.0.1/lib/src.zip!/jdk.crypto.cryptoki" type="simple" />
            <root url="jar://C:/dev/Java/jdk-13.0.1/lib/src.zip!/jdk.internal.jvmstat" type="simple" />
            <root url="jar://C:/dev/Java/jdk-13.0.1/lib/src.zip!/jdk.management.agent" type="simple" />
            <root url="jar://C:/dev/Java/jdk-13.0.1/lib/src.zip!/jdk.scripting.nashorn" type="simple" />
            <root url="jar://C:/dev/Java/jdk-13.0.1/lib/src.zip!/jdk.unsupported.desktop" type="simple" />
            <root url="jar://C:/dev/Java/jdk-13.0.1/lib/src.zip!/jdk.internal.vm.compiler" type="simple" />
            <root url="jar://C:/dev/Java/jdk-13.0.1/lib/src.zip!/jdk.scripting.nashorn.shell" type="simple" />
            <root url="jar://C:/dev/Java/jdk-13.0.1/lib/src.zip!/jdk.internal.vm.compiler.management" type="simple" />
          </root>
        </sourcePath>
      </roots>
      <additional />
    </jdk>
    <jdk version="2">
      <name value="Python 3.7" />
      <type value="Python SDK" />
      <homePath value="C:\dev\Python\Python37\python.exe" />
      <roots>
        <classPath>
          <root type="composite">
            <root url="file://C:/dev/Python/Python37/DLLs" type="simple" />
            <root url="file://C:/dev/Python/Python37/Lib" type="simple" />
            <root url="file://C:/dev/Python/Python37" type="simple" />
            <root url="file://C:/dev/Python/Python37/Lib/site-packages" type="simple" />
            <root url="file://$USER_HOME$/AppData/Local/JetBrains/PyCharm2020.1/python_stubs/-1978559378" type="simple" />
            <root url="file://$APPLICATION_HOME_DIR$/plugins/python/helpers/python-skeletons" type="simple" />
            <root url="file://$APPLICATION_HOME_DIR$/plugins/python/helpers/typeshed/stdlib/3.7" type="simple" />
            <root url="file://$APPLICATION_HOME_DIR$/plugins/python/helpers/typeshed/stdlib/3" type="simple" />
            <root url="file://$APPLICATION_HOME_DIR$/plugins/python/helpers/typeshed/stdlib/2and3" type="simple" />
            <root url="file://$APPLICATION_HOME_DIR$/plugins/python/helpers/typeshed/third_party/3" type="simple" />
            <root url="file://$APPLICATION_HOME_DIR$/plugins/python/helpers/typeshed/third_party/2and3" type="simple" />
          </root>
        </classPath>
        <sourcePath>
          <root type="composite" />
        </sourcePath>
      </roots>
      <additional />
    </jdk>
    <jdk version="2">
      <name value="Python 2.7" />
      <type value="Python SDK" />
      <version value="Python 2.7.17" />
      <homePath value="C:\dev\Python\Python27\python2.exe" />
      <roots>
        <classPath>
          <root type="composite">
            <root url="file://C:/dev/Python/Python27/DLLs" type="simple" />
            <root url="file://C:/dev/Python/Python27/Lib" type="simple" />
            <root url="file://C:/dev/Python/Python27/Lib/lib-tk" type="simple" />
            <root url="file://C:/dev/Python/Python27" type="simple" />
            <root url="file://C:/dev/Python/Python27/Lib/site-packages" type="simple" />
            <root url="file://$USER_HOME$/AppData/Local/JetBrains/PyCharm2020.1/python_stubs/-698201939" type="simple" />
            <root url="file://$APPLICATION_HOME_DIR$/plugins/python/helpers/python-skeletons" type="simple" />
            <root url="file://$APPLICATION_HOME_DIR$/plugins/python/helpers/typeshed/stdlib/2" type="simple" />
            <root url="file://$APPLICATION_HOME_DIR$/plugins/python/helpers/typeshed/stdlib/2and3" type="simple" />
            <root url="file://$APPLICATION_HOME_DIR$/plugins/python/helpers/typeshed/third_party/2" type="simple" />
            <root url="file://$APPLICATION_HOME_DIR$/plugins/python/helpers/typeshed/third_party/2and3" type="simple" />
          </root>
        </classPath>
        <sourcePath>
          <root type="composite" />
        </sourcePath>
      </roots>
      <additional />
    </jdk>
    <jdk version="2">
      <name value="Python 3.8" />
      <type value="Python SDK" />
      <version value="Python 3.8.0" />
      <homePath value="C:\dev\Python\Python38-32\python.exe" />
      <roots>
        <classPath>
          <root type="composite">
            <root url="file://C:/dev/Python/Python38-32/DLLs" type="simple" />
            <root url="file://C:/dev/Python/Python38-32/Lib" type="simple" />
            <root url="file://C:/dev/Python/Python38-32" type="simple" />
            <root url="file://$USER_HOME$/AppData/Roaming/Python/Python38/site-packages" type="simple" />
            <root url="file://C:/dev/Python/Python38-32/Lib/site-packages" type="simple" />
            <root url="file://$USER_HOME$/AppData/Local/JetBrains/PyCharm2020.1/python_stubs/-1717921403" type="simple" />
            <root url="file://$APPLICATION_HOME_DIR$/plugins/python/helpers/python-skeletons" type="simple" />
            <root url="file://$APPLICATION_HOME_DIR$/plugins/python/helpers/typeshed/stdlib/3.7" type="simple" />
            <root url="file://$APPLICATION_HOME_DIR$/plugins/python/helpers/typeshed/stdlib/3" type="simple" />
            <root url="file://$APPLICATION_HOME_DIR$/plugins/python/helpers/typeshed/stdlib/2and3" type="simple" />
            <root url="file://$APPLICATION_HOME_DIR$/plugins/python/helpers/typeshed/third_party/3" type="simple" />
            <root url="file://$APPLICATION_HOME_DIR$/plugins/python/helpers/typeshed/third_party/2and3" type="simple" />
          </root>
        </classPath>
        <sourcePath>
          <root type="composite" />
        </sourcePath>
      </roots>
      <additional />
    </jdk>
    <jdk version="2">
      <name value="Python 3.9 (python-practise)" />
      <type value="Python SDK" />
      <version value="Python 3.9.1" />
      <homePath value="/Library/Frameworks/Python.framework/Versions/3.9/bin/python3.9" />
      <roots>
        <classPath>
          <root type="composite">
            <root url="file:///Library/Frameworks/Python.framework/Versions/3.9/lib/python3.9" type="simple" />
            <root url="file:///Library/Frameworks/Python.framework/Versions/3.9/lib/python3.9/lib-dynload" type="simple" />
            <root url="file://$USER_HOME$/Library/Python/3.9/lib/python/site-packages" type="simple" />
            <root url="file:///Library/Frameworks/Python.framework/Versions/3.9/lib/python3.9/site-packages" type="simple" />
            <root url="file://$USER_HOME$/Library/Caches/JetBrains/PyCharm2021.1/python_stubs/-1782846975" type="simple" />
            <root url="file://$APPLICATION_HOME_DIR$/plugins/python/helpers/python-skeletons" type="simple" />
            <root url="file://$APPLICATION_HOME_DIR$/plugins/python/helpers/typeshed/stdlib" type="simple" />
            <root url="file://$APPLICATION_HOME_DIR$/plugins/python/helpers/typeshed/stubs/jwt" type="simple" />
            <root url="file://$APPLICATION_HOME_DIR$/plugins/python/helpers/typeshed/stubs/six" type="simple" />
            <root url="file://$APPLICATION_HOME_DIR$/plugins/python/helpers/typeshed/stubs/mock" type="simple" />
            <root url="file://$APPLICATION_HOME_DIR$/plugins/python/helpers/typeshed/stubs/nmap" type="simple" />
            <root url="file://$APPLICATION_HOME_DIR$/plugins/python/helpers/typeshed/stubs/attrs" type="simple" />
            <root url="file://$APPLICATION_HOME_DIR$/plugins/python/helpers/typeshed/stubs/polib" type="simple" />
            <root url="file://$APPLICATION_HOME_DIR$/plugins/python/helpers/typeshed/stubs/retry" type="simple" />
            <root url="file://$APPLICATION_HOME_DIR$/plugins/python/helpers/typeshed/stubs/enum34" type="simple" />
            <root url="file://$APPLICATION_HOME_DIR$/plugins/python/helpers/typeshed/stubs/orjson" type="simple" />
            <root url="file://$APPLICATION_HOME_DIR$/plugins/python/helpers/typeshed/stubs/xxhash" type="simple" />
            <root url="file://$APPLICATION_HOME_DIR$/plugins/python/helpers/typeshed/stubs/chardet" type="simple" />
            <root url="file://$APPLICATION_HOME_DIR$/plugins/python/helpers/typeshed/stubs/futures" type="simple" />
            <root url="file://$APPLICATION_HOME_DIR$/plugins/python/helpers/typeshed/stubs/tzlocal" type="simple" />
            <root url="file://$APPLICATION_HOME_DIR$/plugins/python/helpers/typeshed/stubs/aiofiles" type="simple" />
            <root url="file://$APPLICATION_HOME_DIR$/plugins/python/helpers/typeshed/stubs/filelock" type="simple" />
            <root url="file://$APPLICATION_HOME_DIR$/plugins/python/helpers/typeshed/stubs/Markdown" type="simple" />
            <root url="file://$APPLICATION_HOME_DIR$/plugins/python/helpers/typeshed/stubs/paramiko" type="simple" />
            <root url="file://$APPLICATION_HOME_DIR$/plugins/python/helpers/typeshed/stubs/pathlib2" type="simple" />
            <root url="file://$APPLICATION_HOME_DIR$/plugins/python/helpers/typeshed/stubs/requests" type="simple" />
            <root url="file://$APPLICATION_HOME_DIR$/plugins/python/helpers/typeshed/stubs/waitress" type="simple" />
            <root url="file://$APPLICATION_HOME_DIR$/plugins/python/helpers/typeshed/stubs/Werkzeug" type="simple" />
            <root url="file://$APPLICATION_HOME_DIR$/plugins/python/helpers/typeshed/stubs/freezegun" type="simple" />
            <root url="file://$APPLICATION_HOME_DIR$/plugins/python/helpers/typeshed/stubs/ipaddress" type="simple" />
            <root url="file://$APPLICATION_HOME_DIR$/plugins/python/helpers/typeshed/stubs/pyRFC3339" type="simple" />
            <root url="file://$APPLICATION_HOME_DIR$/plugins/python/helpers/typeshed/stubs/typed-ast" type="simple" />
            <root url="file://$APPLICATION_HOME_DIR$/plugins/python/helpers/typeshed/stubs/cachetools" type="simple" />
            <root url="file://$APPLICATION_HOME_DIR$/plugins/python/helpers/typeshed/stubs/Deprecated" type="simple" />
            <root url="file://$APPLICATION_HOME_DIR$/plugins/python/helpers/typeshed/stubs/frozendict" type="simple" />
            <root url="file://$APPLICATION_HOME_DIR$/plugins/python/helpers/typeshed/stubs/contextvars" type="simple" />
            <root url="file://$APPLICATION_HOME_DIR$/plugins/python/helpers/typeshed/stubs/JACK-Client" type="simple" />
            <root url="file://$APPLICATION_HOME_DIR$/plugins/python/helpers/typeshed/stubs/atomicwrites" type="simple" />
            <root url="file://$APPLICATION_HOME_DIR$/plugins/python/helpers/typeshed/stubs/cryptography" type="simple" />
            <root url="file://$APPLICATION_HOME_DIR$/plugins/python/helpers/typeshed/stubs/click-spinner" type="simple" />
            <root url="file://$APPLICATION_HOME_DIR$/plugins/python/helpers/typeshed/stubs/DateTimeRange" type="simple" />
            <root url="file://$APPLICATION_HOME_DIR$/plugins/python/helpers/typeshed/stubs/pkg_resources" type="simple" />
            <root url="file://$APPLICATION_HOME_DIR$/plugins/python/helpers/typeshed/stubs/python-gflags" type="simple" />
            <root url="file://$APPLICATION_HOME_DIR$/plugins/python/helpers/typeshed/stubs/python-slugify" type="simple" />
            <root url="file://$APPLICATION_HOME_DIR$/plugins/python/helpers/typeshed/stubs/python-dateutil" type="simple" />
            <root url="file://$APPLICATION_HOME_DIR$/plugins/python/helpers/typeshed/stubs/typing-extensions" type="simple" />
          </root>
        </classPath>
        <sourcePath>
          <root type="composite" />
        </sourcePath>
      </roots>
      <additional ASSOCIATED_PROJECT_PATH="$USER_HOME$/Documents/workspaces/PyCharm_workspace/python-practise" />
    </jdk>
    <jdk version="2">
      <name value="Python 3.9" />
      <type value="Python SDK" />
      <version value="Python 3.9.1" />
      <homePath value="/usr/local/bin/python3.9" />
      <roots>
        <classPath>
          <root type="composite">
            <root url="file:///Library/Frameworks/Python.framework/Versions/3.9/lib/python3.9" type="simple" />
            <root url="file:///Library/Frameworks/Python.framework/Versions/3.9/lib/python3.9/lib-dynload" type="simple" />
            <root url="file://$USER_HOME$/Library/Python/3.9/lib/python/site-packages" type="simple" />
            <root url="file:///Library/Frameworks/Python.framework/Versions/3.9/lib/python3.9/site-packages" type="simple" />
            <root url="file://$USER_HOME$/Library/Caches/JetBrains/PyCharm2021.1/python_stubs/-1199943124" type="simple" />
            <root url="file://$APPLICATION_HOME_DIR$/plugins/python/helpers/python-skeletons" type="simple" />
            <root url="file://$APPLICATION_HOME_DIR$/plugins/python/helpers/typeshed/stdlib" type="simple" />
            <root url="file://$APPLICATION_HOME_DIR$/plugins/python/helpers/typeshed/stubs/jwt" type="simple" />
            <root url="file://$APPLICATION_HOME_DIR$/plugins/python/helpers/typeshed/stubs/six" type="simple" />
            <root url="file://$APPLICATION_HOME_DIR$/plugins/python/helpers/typeshed/stubs/mock" type="simple" />
            <root url="file://$APPLICATION_HOME_DIR$/plugins/python/helpers/typeshed/stubs/nmap" type="simple" />
            <root url="file://$APPLICATION_HOME_DIR$/plugins/python/helpers/typeshed/stubs/attrs" type="simple" />
            <root url="file://$APPLICATION_HOME_DIR$/plugins/python/helpers/typeshed/stubs/polib" type="simple" />
            <root url="file://$APPLICATION_HOME_DIR$/plugins/python/helpers/typeshed/stubs/retry" type="simple" />
            <root url="file://$APPLICATION_HOME_DIR$/plugins/python/helpers/typeshed/stubs/enum34" type="simple" />
            <root url="file://$APPLICATION_HOME_DIR$/plugins/python/helpers/typeshed/stubs/orjson" type="simple" />
            <root url="file://$APPLICATION_HOME_DIR$/plugins/python/helpers/typeshed/stubs/xxhash" type="simple" />
            <root url="file://$APPLICATION_HOME_DIR$/plugins/python/helpers/typeshed/stubs/chardet" type="simple" />
            <root url="file://$APPLICATION_HOME_DIR$/plugins/python/helpers/typeshed/stubs/futures" type="simple" />
            <root url="file://$APPLICATION_HOME_DIR$/plugins/python/helpers/typeshed/stubs/tzlocal" type="simple" />
            <root url="file://$APPLICATION_HOME_DIR$/plugins/python/helpers/typeshed/stubs/aiofiles" type="simple" />
            <root url="file://$APPLICATION_HOME_DIR$/plugins/python/helpers/typeshed/stubs/filelock" type="simple" />
            <root url="file://$APPLICATION_HOME_DIR$/plugins/python/helpers/typeshed/stubs/Markdown" type="simple" />
            <root url="file://$APPLICATION_HOME_DIR$/plugins/python/helpers/typeshed/stubs/paramiko" type="simple" />
            <root url="file://$APPLICATION_HOME_DIR$/plugins/python/helpers/typeshed/stubs/pathlib2" type="simple" />
            <root url="file://$APPLICATION_HOME_DIR$/plugins/python/helpers/typeshed/stubs/requests" type="simple" />
            <root url="file://$APPLICATION_HOME_DIR$/plugins/python/helpers/typeshed/stubs/waitress" type="simple" />
            <root url="file://$APPLICATION_HOME_DIR$/plugins/python/helpers/typeshed/stubs/Werkzeug" type="simple" />
            <root url="file://$APPLICATION_HOME_DIR$/plugins/python/helpers/typeshed/stubs/freezegun" type="simple" />
            <root url="file://$APPLICATION_HOME_DIR$/plugins/python/helpers/typeshed/stubs/ipaddress" type="simple" />
            <root url="file://$APPLICATION_HOME_DIR$/plugins/python/helpers/typeshed/stubs/pyRFC3339" type="simple" />
            <root url="file://$APPLICATION_HOME_DIR$/plugins/python/helpers/typeshed/stubs/typed-ast" type="simple" />
            <root url="file://$APPLICATION_HOME_DIR$/plugins/python/helpers/typeshed/stubs/cachetools" type="simple" />
            <root url="file://$APPLICATION_HOME_DIR$/plugins/python/helpers/typeshed/stubs/Deprecated" type="simple" />
            <root url="file://$APPLICATION_HOME_DIR$/plugins/python/helpers/typeshed/stubs/frozendict" type="simple" />
            <root url="file://$APPLICATION_HOME_DIR$/plugins/python/helpers/typeshed/stubs/contextvars" type="simple" />
            <root url="file://$APPLICATION_HOME_DIR$/plugins/python/helpers/typeshed/stubs/JACK-Client" type="simple" />
            <root url="file://$APPLICATION_HOME_DIR$/plugins/python/helpers/typeshed/stubs/atomicwrites" type="simple" />
            <root url="file://$APPLICATION_HOME_DIR$/plugins/python/helpers/typeshed/stubs/cryptography" type="simple" />
            <root url="file://$APPLICATION_HOME_DIR$/plugins/python/helpers/typeshed/stubs/click-spinner" type="simple" />
            <root url="file://$APPLICATION_HOME_DIR$/plugins/python/helpers/typeshed/stubs/DateTimeRange" type="simple" />
            <root url="file://$APPLICATION_HOME_DIR$/plugins/python/helpers/typeshed/stubs/pkg_resources" type="simple" />
            <root url="file://$APPLICATION_HOME_DIR$/plugins/python/helpers/typeshed/stubs/python-gflags" type="simple" />
            <root url="file://$APPLICATION_HOME_DIR$/plugins/python/helpers/typeshed/stubs/python-slugify" type="simple" />
            <root url="file://$APPLICATION_HOME_DIR$/plugins/python/helpers/typeshed/stubs/python-dateutil" type="simple" />
            <root url="file://$APPLICATION_HOME_DIR$/plugins/python/helpers/typeshed/stubs/typing-extensions" type="simple" />
          </root>
        </classPath>
        <sourcePath>
          <root type="composite" />
        </sourcePath>
      </roots>
      <additional />
    </jdk>
  </component>
</application>