<application>
  <component name="ProjectManager">
    <defaultProject>
      <component name="CodeInsightWorkspaceSettings">
        <option name="optimizeImportsOnTheFly" value="true" />
      </component>
      <component name="CompilerConfiguration">
        <annotationProcessing>
          <profile default="true" name="Default" enabled="true" />
        </annotationProcessing>
      </component>
      <component name="Encoding" native2AsciiForPropertiesFiles="true" defaultCharsetForPropertiesFiles="UTF-8">
        <file url="PROJECT" charset="UTF-8" />
      </component>
      <component name="InspectionProjectProfileManager">
        <profile version="1.0">
          <option name="myName" value="Project Default" />
          <inspection_tool class="PyPep8Inspection" enabled="true" level="WEAK WARNING" enabled_by_default="true">
            <option name="ignoredErrors">
              <list>
                <option value="W605" />
              </list>
            </option>
          </inspection_tool>
          <inspection_tool class="PyPep8NamingInspection" enabled="true" level="WEAK WARNING" enabled_by_default="true">
            <option name="ignoredErrors">
              <list>
                <option value="N802" />
              </list>
            </option>
          </inspection_tool>
          <inspection_tool class="PyUnresolvedReferencesInspection" enabled="true" level="WARNING" enabled_by_default="true">
            <option name="ignoredIdentifiers">
              <list>
                <option value="property.setter" />
              </list>
            </option>
          </inspection_tool>
          <inspection_tool class="SpellCheckingInspection" enabled="false" level="TYPO" enabled_by_default="false">
            <option name="processCode" value="true" />
            <option name="processLiterals" value="true" />
            <option name="processComments" value="true" />
          </inspection_tool>
          <inspection_tool class="StandardJS" enabled="true" level="ERROR" enabled_by_default="true" />
          <inspection_tool class="WeakerAccess" enabled="false" level="WARNING" enabled_by_default="false">
            <option name="SUGGEST_PACKAGE_LOCAL_FOR_MEMBERS" value="true" />
            <option name="SUGGEST_PACKAGE_LOCAL_FOR_TOP_CLASSES" value="true" />
            <option name="SUGGEST_PRIVATE_FOR_INNERS" value="false" />
          </inspection_tool>
        </profile>
        <version value="1.0" />
      </component>
      <component name="JavacSettings">
        <option name="ADDITIONAL_OPTIONS_STRING" value="-encoding utf-8" />
      </component>
      <component name="MavenImportPreferences">
        <option name="generalSettings">
          <MavenGeneralSettings>
            <option name="mavenHome" value="C:/dev/Maven/apache-maven-3.6.3" />
          </MavenGeneralSettings>
        </option>
        <option name="importingSettings">
          <MavenImportingSettings>
            <option name="importAutomatically" value="true" />
            <option name="vmOptionsForImporter" value="-Xmx768m" />
          </MavenImportingSettings>
        </option>
      </component>
      <component name="ProjectInspectionProfilesVisibleTreeState">
        <entry key="Project Default">
          <profile-state>
            <expanded-state>
              <State />
              <State>
                <id>Assignment issuesJavaScript and TypeScript</id>
              </State>
              <State>
                <id>Bitwise operation issuesJavaScript and TypeScript</id>
              </State>
              <State>
                <id>EditorConfig</id>
              </State>
              <State>
                <id>GeneralJavaScript and TypeScript</id>
              </State>
              <State>
                <id>JavaScript and TypeScript</id>
              </State>
              <State>
                <id>Potentially confusing code constructsJavaScript and TypeScript</id>
              </State>
              <State>
                <id>Probable bugsJavaScript and TypeScript</id>
              </State>
              <State>
                <id>Proofreading</id>
              </State>
              <State>
                <id>Switch statement issuesJavaScript and TypeScript</id>
              </State>
            </expanded-state>
            <selected-state>
              <State>
                <id>Angular</id>
              </State>
            </selected-state>
          </profile-state>
        </entry>
      </component>
      <component name="ProjectRootManager" version="2" project-jdk-name="Python 3.9" project-jdk-type="Python SDK" />
      <component name="ProjectViewState">
        <option name="showLibraryContents" value="true" />
        <option name="showMembers" value="true" />
      </component>
      <component name="PropertiesComponent"><![CDATA[{
  "keyToString": {
    "node.js.selected.package.eslint": "(autodetect)",
    "settings.editor.selected.configurable": "configurable.group.appearance"
  }
}]]></component>
      <component name="RebelAgentSelection">
        <selection>jr</selection>
      </component>
      <component name="RunManager">
        <configuration default="true" type="#com.intellij.j2ee.web.tomcat.TomcatRunConfigurationFactory" factoryName="Local" APPLICATION_SERVER_NAME="Tomcat 9.0.30" ALTERNATIVE_JRE_ENABLED="false">
          <option name="BROWSER_ID" value="98ca6316-2f89-46d9-a9e5-fa9e2b0625b3" />
          <option name="COMMON_VM_ARGUMENTS" value="-Dfile.encoding=UTF-8" />
          <option name="UPDATING_POLICY" value="restart-server" />
          <deployment>
            <file path="%IDEA_RUN:TOMCAT_HOME%/webapps">
              <settings>
                <option name="CONTEXT_PATH" value="/default" />
              </settings>
            </file>
          </deployment>
          <server-settings>
            <option name="BASE_DIRECTORY_NAME" value="_Default_(Template)_Project" />
          </server-settings>
          <log_file checked="false" alias="Tomcat Localhost Log" path="%IDEA_RUN:CATALINA_BASE%/logs/localhost.*" />
          <predefined_log_file enabled="true" id="Tomcat Catalina" />
          <predefined_log_file id="Tomcat Manager" />
          <predefined_log_file id="Tomcat Host Manager" />
          <predefined_log_file id="Tomcat Localhost Access" />
          <RunnerSettings RunnerId="Debug">
            <option name="DEBUG_PORT" value="55307" />
          </RunnerSettings>
          <RunnerSettings RunnerId="JRebel Debug">
            <option name="DEBUG_PORT" value="64049" />
          </RunnerSettings>
          <ConfigurationWrapper VM_VAR="JAVA_OPTS" RunnerId="Cover">
            <option name="USE_ENV_VARIABLES" value="true" />
            <STARTUP>
              <option name="USE_DEFAULT" value="true" />
              <option name="SCRIPT" value="" />
              <option name="VM_PARAMETERS" value="" />
              <option name="PROGRAM_PARAMETERS" value="" />
            </STARTUP>
            <SHUTDOWN>
              <option name="USE_DEFAULT" value="true" />
              <option name="SCRIPT" value="" />
              <option name="VM_PARAMETERS" value="" />
              <option name="PROGRAM_PARAMETERS" value="" />
            </SHUTDOWN>
          </ConfigurationWrapper>
          <ConfigurationWrapper VM_VAR="JAVA_OPTS" RunnerId="Debug">
            <option name="USE_ENV_VARIABLES" value="true" />
            <STARTUP>
              <option name="USE_DEFAULT" value="true" />
              <option name="SCRIPT" value="" />
              <option name="VM_PARAMETERS" value="" />
              <option name="PROGRAM_PARAMETERS" value="" />
            </STARTUP>
            <SHUTDOWN>
              <option name="USE_DEFAULT" value="true" />
              <option name="SCRIPT" value="" />
              <option name="VM_PARAMETERS" value="" />
              <option name="PROGRAM_PARAMETERS" value="" />
            </SHUTDOWN>
          </ConfigurationWrapper>
          <ConfigurationWrapper VM_VAR="JAVA_OPTS" RunnerId="JRebel Debug">
            <option name="USE_ENV_VARIABLES" value="true" />
            <STARTUP>
              <option name="USE_DEFAULT" value="true" />
              <option name="SCRIPT" value="" />
              <option name="VM_PARAMETERS" value="" />
              <option name="PROGRAM_PARAMETERS" value="" />
            </STARTUP>
            <SHUTDOWN>
              <option name="USE_DEFAULT" value="true" />
              <option name="SCRIPT" value="" />
              <option name="VM_PARAMETERS" value="" />
              <option name="PROGRAM_PARAMETERS" value="" />
            </SHUTDOWN>
          </ConfigurationWrapper>
          <ConfigurationWrapper VM_VAR="JAVA_OPTS" RunnerId="JRebel Executor">
            <option name="USE_ENV_VARIABLES" value="true" />
            <STARTUP>
              <option name="USE_DEFAULT" value="true" />
              <option name="SCRIPT" value="" />
              <option name="VM_PARAMETERS" value="" />
              <option name="PROGRAM_PARAMETERS" value="" />
            </STARTUP>
            <SHUTDOWN>
              <option name="USE_DEFAULT" value="true" />
              <option name="SCRIPT" value="" />
              <option name="VM_PARAMETERS" value="" />
              <option name="PROGRAM_PARAMETERS" value="" />
            </SHUTDOWN>
          </ConfigurationWrapper>
          <ConfigurationWrapper VM_VAR="JAVA_OPTS" RunnerId="Run">
            <option name="USE_ENV_VARIABLES" value="true" />
            <STARTUP>
              <option name="USE_DEFAULT" value="true" />
              <option name="SCRIPT" value="" />
              <option name="VM_PARAMETERS" value="" />
              <option name="PROGRAM_PARAMETERS" value="" />
            </STARTUP>
            <SHUTDOWN>
              <option name="USE_DEFAULT" value="true" />
              <option name="SCRIPT" value="" />
              <option name="VM_PARAMETERS" value="" />
              <option name="PROGRAM_PARAMETERS" value="" />
            </SHUTDOWN>
          </ConfigurationWrapper>
          <method v="2">
            <option name="Make" enabled="true" />
          </method>
        </configuration>
      </component>
      <component name="TaskManager">
        <task active="true" id="Default" summary="Default task">
          <created>1753720561857</created>
          <option name="number" value="Default" />
          <option name="presentableId" value="Default" />
          <updated>1753720561857</updated>
          <workItem from="1753720562901" duration="116000" />
        </task>
        <servers />
      </component>
      <component name="TimeTrackingManager">
        <option name="totallyTimeSpent" value="116000" />
      </component>
      <component name="WindowStateProjectService">
        <state x="643" y="331" key="#com.intellij.ide.actions.ChooseComponentsToExportDialog" timestamp="1753720777022">
          <screen x="0" y="25" width="1792" height="1038" />
        </state>
        <state x="643" y="331" key="#com.intellij.ide.actions.ChooseComponentsToExportDialog/0.25.1792.1038" timestamp="1753720777022" />
        <state x="405" y="132" key="SettingsEditor" timestamp="1753805912312">
          <screen x="0" y="25" width="1792" height="1038" />
        </state>
        <state x="405" y="132" key="SettingsEditor/0.25.1792.1038" timestamp="1753805912312" />
      </component>
      <component name="libraryTable">
        <library name="Tomcat9 Library">
          <CLASSES>
            <root url="file://C:/dev/Tomcat/apache-tomcat-9.0.30/lib" />
          </CLASSES>
          <SOURCES />
          <jarDirectory url="file://C:/dev/Tomcat/apache-tomcat-9.0.30/lib" recursive="false" />
        </library>
      </component>
      <component name="masterDetails">
        <states>
          <state key="GlobalLibrariesConfigurable.UI">
            <settings>
              <last-edited>Tomcat9 Library</last-edited>
              <splitter-proportions>
                <option name="proportions">
                  <list>
                    <option value="0.2" />
                  </list>
                </option>
              </splitter-proportions>
            </settings>
          </state>
          <state key="JdkListConfigurable.UI">
            <settings>
              <last-edited>1.8.0_231</last-edited>
              <splitter-proportions>
                <option name="proportions">
                  <list>
                    <option value="0.2" />
                  </list>
                </option>
              </splitter-proportions>
            </settings>
          </state>
          <state key="ProjectJDKs.UI">
            <settings>
              <last-edited>1.8.0_231</last-edited>
              <splitter-proportions>
                <option name="proportions">
                  <list>
                    <option value="0.2" />
                  </list>
                </option>
              </splitter-proportions>
            </settings>
          </state>
          <state key="ProjectLibrariesConfigurable.UI">
            <settings>
              <last-edited>Tomcat9 Library</last-edited>
              <splitter-proportions>
                <option name="proportions">
                  <list>
                    <option value="0.2" />
                  </list>
                </option>
              </splitter-proportions>
            </settings>
          </state>
        </states>
      </component>
    </defaultProject>
  </component>
</application>