<application>
  <component name="RInterpreterSettings">
    <option name="interpreters">
      <list>
        <RSerializableInterpreter>
          <option name="name" value="Suggested" />
          <option name="path" value="/usr/local/bin/R" />
          <option name="timestamp" value="1628634405000" />
          <option name="version" value="4.1.1" />
        </RSerializableInterpreter>
        <RSerializableInterpreter>
          <option name="name" value="Suggested" />
          <option name="path" value="/Library/Frameworks/R.framework/Resources/bin/R" />
          <option name="timestamp" value="1628634405000" />
          <option name="version" value="4.1.1" />
        </RSerializableInterpreter>
      </list>
    </option>
  </component>
</application>