<application>
  <component name="Trusted.Paths">
    <option name="TRUSTED_PROJECT_PATHS">
      <map>
        <entry key="$USER_HOME$/PyCharmMiscProject" value="true" />
        <entry key="$USER_HOME$/workspace/PyCharm_workspace/learn_python" value="true" />
        <entry key="$USER_HOME$/workspace/PyCharm_workspace/marusia" value="true" />
        <entry key="$USER_HOME$/workspace/PyCharm_workspace/py-saas-layer" value="true" />
        <entry key="$USER_HOME$/workspace/PyCharm_workspace/python-practise" value="true" />
      </map>
    </option>
  </component>
  <component name="Trusted.Paths.Settings">
    <option name="TRUSTED_PATHS">
      <list>
        <option value="$USER_HOME$/workspace/PyCharm_workspace" />
      </list>
    </option>
  </component>
</application>