<application>
  <component name="DimensionService">
    <location key="find.popup.0.0.1920.1200" x="724" y="115" />
    <size key="GridCell.Tab.0.left.0.0.2560.1440" width="2478" height="433" />
    <size key="GridCell.Tab.0.center.0.0.2560.1440" width="2478" height="433" />
    <size key="GridCell.Tab.0.right.0.0.2560.1440" width="2478" height="433" />
    <size key="GridCell.Tab.0.bottom.0.0.2560.1440" width="2478" height="433" />
    <size key="GridCell.Tab.0.left.0.0.1920.1200" width="1838" height="354" />
    <size key="GridCell.Tab.0.center.0.0.1920.1200" width="1838" height="354" />
    <size key="GridCell.Tab.0.right.0.0.1920.1200" width="1838" height="354" />
    <size key="GridCell.Tab.0.bottom.0.0.1920.1200" width="1838" height="354" />
    <size key="find.popup.0.0.1920.1200" width="643" height="810" />
  </component>
  <component name="WindowManager">
    <frame x="0" y="25" width="1920" height="1102" fullScreen="true" />
  </component>
  <component name="WindowStateApplicationService">
    <state x="960" y="537" width="1000" height="871" key="WELCOME_SCREEN" timestamp="1737265332149">
      <screen x="0" y="25" width="1920" height="1102" />
    </state>
    <state x="1016" y="612" width="999" height="866" key="WELCOME_SCREEN/0.25.1920.1097" timestamp="1733712953974" />
    <state x="937" y="539" width="999" height="868" key="WELCOME_SCREEN/0.25.1920.1099" timestamp="1737019009992" />
    <state x="959" y="537" width="999" height="870" key="WELCOME_SCREEN/0.25.1920.1101" timestamp="1737257712183" />
    <state x="960" y="537" width="1000" height="871" key="WELCOME_SCREEN/0.25.1920.1102" timestamp="1737265332149" />
  </component>
</application>