<application>
  <component name="DimensionService">
    <location key="find.popup.0.0.1920.1200" x="390" y="173" />
    <size key="GridCell.Tab.0.left.0.0.2560.1440" width="2478" height="433" />
    <size key="GridCell.Tab.0.center.0.0.2560.1440" width="2478" height="433" />
    <size key="GridCell.Tab.0.right.0.0.2560.1440" width="2478" height="433" />
    <size key="GridCell.Tab.0.bottom.0.0.2560.1440" width="2478" height="433" />
    <size key="GridCell.Tab.0.left.0.0.1920.1200" width="1838" height="347" />
    <size key="GridCell.Tab.0.center.0.0.1920.1200" width="1838" height="347" />
    <size key="GridCell.Tab.0.right.0.0.1920.1200" width="1838" height="347" />
    <size key="GridCell.Tab.0.bottom.0.0.1920.1200" width="1838" height="347" />
    <size key="find.popup.0.0.1920.1200" width="1131" height="916" />
  </component>
  <component name="WindowManager">
    <frame x="0" y="30" width="1920" height="1097" fullScreen="true" />
  </component>
  <component name="WindowStateApplicationService">
    <state width="455" height="146" key="ShowUsagesActions.dimensionServiceKey" timestamp="1767623848763">
      <screen x="0" y="0" width="1920" height="1200" />
    </state>
    <state width="455" height="146" key="ShowUsagesActions.dimensionServiceKey/0.0.1920.1200" timestamp="1767623848763" />
    <state x="960" y="515" width="1000" height="720" key="WELCOME_SCREEN" timestamp="1769579652706">
      <screen x="0" y="30" width="1920" height="1097" />
    </state>
    <state x="960" y="513" width="1000" height="720" key="WELCOME_SCREEN/0.25.1920.1105" timestamp="1768124579669" />
    <state x="960" y="515" width="1000" height="720" key="WELCOME_SCREEN/0.30.1920.1097" timestamp="1769579652706" />
  </component>
</application>