<application>
  <component name="LocalDatabaseDriverManager" version="201">
    <driver id="athena">
      <artifact id="Athena" name="Athena" use="true" version="2.0.16" />
    </driver>
    <driver id="mongo">
      <artifact id="MongoDB" name="MongoDB" use="true" version="1.11" />
    </driver>
    <driver id="mysql.8">
      <artifact />
      <artifact id="MySQL ConnectorJ" name="MySQL ConnectorJ" use="true" version="8.0.25" />
      <artifact id="MySQL ConnectorJ" name="MySQL ConnectorJ" channel="fixed" rolling="false" use="true" version="8.0.13" />
    </driver>
  </component>
</application>