<application>
  <component name="DimensionService">
    <location key="find.popup.0.0.2560.1440" x="536" y="163" />
    <size key="GridCell.Tab.0.left.0.0.2560.1440" width="2184" height="811" />
    <size key="GridCell.Tab.0.center.0.0.2560.1440" width="2184" height="811" />
    <size key="GridCell.Tab.0.right.0.0.2560.1440" width="2184" height="811" />
    <size key="GridCell.Tab.0.bottom.0.0.2560.1440" width="2184" height="811" />
    <size key="find.popup.0.0.2560.1440" width="1512" height="874" />
    <size key="GridCell.Tab.1.left.0.0.2560.1440" width="2184" height="810" />
    <size key="GridCell.Tab.1.center.0.0.2560.1440" width="2184" height="810" />
    <size key="GridCell.Tab.1.right.0.0.2560.1440" width="2184" height="810" />
    <size key="GridCell.Tab.1.bottom.0.0.2560.1440" width="2184" height="810" />
    <size key="GridCell.Tab.0.left.0.0.3584.2240@192dpi" width="3036" height="1138" />
    <size key="GridCell.Tab.0.center.0.0.3584.2240@192dpi" width="3036" height="1138" />
    <size key="GridCell.Tab.0.right.0.0.3584.2240@192dpi" width="3036" height="1138" />
    <size key="GridCell.Tab.0.bottom.0.0.3584.2240@192dpi" width="3036" height="1138" />
    <size key="GridCell.Tab.1.left.0.0.3584.2240@192dpi" width="3036" height="1138" />
    <size key="GridCell.Tab.1.center.0.0.3584.2240@192dpi" width="3036" height="1138" />
    <size key="GridCell.Tab.1.right.0.0.3584.2240@192dpi" width="3036" height="1138" />
    <size key="GridCell.Tab.1.bottom.0.0.3584.2240@192dpi" width="3036" height="1138" />
  </component>
  <component name="SingleStripeButtonsState">
    <id>Database</id>
    <id>Project</id>
    <id>Services</id>
    <id>Redis Explorer</id>
  </component>
  <component name="WindowManager">
    <frame x="0" y="25" width="1792" height="1038" fullScreen="true" />
  </component>
  <component name="WindowStateApplicationService">
    <state x="896" y="479" width="800" height="650" key="WELCOME_SCREEN" timestamp="1753719980557">
      <screen x="0" y="25" width="1792" height="1038" />
    </state>
    <state x="896" y="479" width="800" height="650" key="WELCOME_SCREEN/0.25.1792.1038" timestamp="1753719980557" />
  </component>
</application>