<application>
  <component name="DimensionService">
    <location key="find.popup.0.0.2560.1440" x="536" y="163" />
    <location key="find.popup.0.0.1920.1200" x="358" y="110" />
    <size key="GridCell.Tab.0.left.0.0.2560.1440" width="2184" height="811" />
    <size key="GridCell.Tab.0.center.0.0.2560.1440" width="2184" height="811" />
    <size key="GridCell.Tab.0.right.0.0.2560.1440" width="2184" height="811" />
    <size key="GridCell.Tab.0.bottom.0.0.2560.1440" width="2184" height="811" />
    <size key="find.popup.0.0.2560.1440" width="1512" height="874" />
    <size key="GridCell.Tab.1.left.0.0.2560.1440" width="2184" height="810" />
    <size key="GridCell.Tab.1.center.0.0.2560.1440" width="2184" height="810" />
    <size key="GridCell.Tab.1.right.0.0.2560.1440" width="2184" height="810" />
    <size key="GridCell.Tab.1.bottom.0.0.2560.1440" width="2184" height="810" />
    <size key="GridCell.Tab.0.left.0.0.3584.2240@192dpi" width="3036" height="1138" />
    <size key="GridCell.Tab.0.center.0.0.3584.2240@192dpi" width="3036" height="1138" />
    <size key="GridCell.Tab.0.right.0.0.3584.2240@192dpi" width="3036" height="1138" />
    <size key="GridCell.Tab.0.bottom.0.0.3584.2240@192dpi" width="3036" height="1138" />
    <size key="GridCell.Tab.1.left.0.0.3584.2240@192dpi" width="3036" height="1138" />
    <size key="GridCell.Tab.1.center.0.0.3584.2240@192dpi" width="3036" height="1138" />
    <size key="GridCell.Tab.1.right.0.0.3584.2240@192dpi" width="3036" height="1138" />
    <size key="GridCell.Tab.1.bottom.0.0.3584.2240@192dpi" width="3036" height="1138" />
    <size key="GridCell.Tab.0.left.0.0.1920.1200" width="1653" height="312" />
    <size key="GridCell.Tab.0.center.0.0.1920.1200" width="1653" height="312" />
    <size key="GridCell.Tab.0.right.0.0.1920.1200" width="1653" height="312" />
    <size key="GridCell.Tab.0.bottom.0.0.1920.1200" width="1653" height="312" />
    <size key="find.popup.0.0.1920.1200" width="1318" height="957" />
  </component>
  <component name="SingleStripeButtonsState">
    <id>Database</id>
    <id>Project</id>
    <id>Services</id>
    <id>Redis Explorer</id>
  </component>
  <component name="WindowManager">
    <frame x="0" y="30" width="1920" height="1097" fullScreen="true" />
  </component>
</application>