<application>
  <component name="libraryTable">
    <library name="@types/classnames" type="javaScript">
      <CLASSES />
      <SOURCES />
    </library>
    <library name="@types/enzyme" type="javaScript">
      <CLASSES />
      <SOURCES />
    </library>
    <library name="@types/eslint" type="javaScript">
      <CLASSES />
      <SOURCES />
    </library>
    <library name="@types/jest" type="javaScript">
      <CLASSES />
      <SOURCES />
    </library>
    <library name="@types/material-ui" type="javaScript">
      <CLASSES />
      <SOURCES />
    </library>
    <library name="@types/prop-types" type="javaScript">
      <CLASSES />
      <SOURCES />
    </library>
    <library name="@types/react" type="javaScript">
      <CLASSES />
      <SOURCES />
    </library>
    <library name="@types/react-dom" type="javaScript">
      <CLASSES />
      <SOURCES />
    </library>
    <library name="@types/react-router-dom" type="javaScript">
      <CLASSES />
      <SOURCES />
    </library>
  </component>
</application>