<application>
  <component name="ProjectJdkTable">
    <jdk version="2">
      <name value="Python 2.7 (Python27_01)" />
      <type value="Python SDK" />
      <version value="Python 2.7.17" />
      <homePath value="C:\dev\Python\venvs\Python2s\Python27_01\Scripts\python.exe" />
      <roots>
        <classPath>
          <root type="composite">
            <root url="file://C:/dev/Python/venvs/Python2s/Python27_01/Lib" type="simple" />
            <root url="file://C:/dev/Python/venvs/Python2s/Python27_01/Scripts" type="simple" />
            <root url="file://C:/dev/Python/Python27/Lib" type="simple" />
            <root url="file://C:/dev/Python/Python27/DLLs" type="simple" />
            <root url="file://C:/dev/Python/Python27/Lib/lib-tk" type="simple" />
            <root url="file://C:/dev/Python/venvs/Python2s/Python27_01" type="simple" />
            <root url="file://C:/dev/Python/venvs/Python2s/Python27_01/Lib/site-packages" type="simple" />
            <root url="file://$USER_HOME$/.PyCharm2019.3/system/python_stubs/996168405" type="simple" />
            <root url="file://$APPLICATION_HOME_DIR$/plugins/python/helpers/python-skeletons" type="simple" />
            <root url="file://$APPLICATION_HOME_DIR$/plugins/python/helpers/typeshed/stdlib/2" type="simple" />
            <root url="file://$APPLICATION_HOME_DIR$/plugins/python/helpers/typeshed/stdlib/2and3" type="simple" />
            <root url="file://$APPLICATION_HOME_DIR$/plugins/python/helpers/typeshed/third_party/2" type="simple" />
            <root url="file://$APPLICATION_HOME_DIR$/plugins/python/helpers/typeshed/third_party/2and3" type="simple" />
          </root>
        </classPath>
        <sourcePath>
          <root type="composite" />
        </sourcePath>
      </roots>
      <additional />
    </jdk>
    <jdk version="2">
      <name value="Python 3.7 (Python3_01)" />
      <type value="Python SDK" />
      <version value="Python 3.7.5" />
      <homePath value="C:\dev\Python\venvs\Python3s\Python3_01\Scripts\python.exe" />
      <roots>
        <classPath>
          <root type="composite">
            <root url="file://C:/dev/Python/Python37/DLLs" type="simple" />
            <root url="file://C:/dev/Python/Python37/Lib" type="simple" />
            <root url="file://C:/dev/Python/Python37" type="simple" />
            <root url="file://C:/dev/Python/venvs/Python3s/Python3_01" type="simple" />
            <root url="file://C:/dev/Python/venvs/Python3s/Python3_01/Lib/site-packages" type="simple" />
            <root url="jar://C:/dev/Python/venvs/Python3s/Python3_01/Lib/site-packages/setuptools-40.8.0-py3.7.egg!/" type="simple" />
            <root url="file://C:/dev/Python/venvs/Python3s/Python3_01/Lib/site-packages/pip-19.0.3-py3.7.egg" type="simple" />
            <root url="file://$USER_HOME$/.PyCharm2019.3/system/python_stubs/1373213934" type="simple" />
            <root url="file://$APPLICATION_HOME_DIR$/plugins/python/helpers/python-skeletons" type="simple" />
            <root url="file://$APPLICATION_HOME_DIR$/plugins/python/helpers/typeshed/stdlib/3" type="simple" />
            <root url="file://$APPLICATION_HOME_DIR$/plugins/python/helpers/typeshed/stdlib/2and3" type="simple" />
            <root url="file://$APPLICATION_HOME_DIR$/plugins/python/helpers/typeshed/third_party/3" type="simple" />
            <root url="file://$APPLICATION_HOME_DIR$/plugins/python/helpers/typeshed/third_party/2and3" type="simple" />
          </root>
        </classPath>
        <sourcePath>
          <root type="composite" />
        </sourcePath>
      </roots>
      <additional />
    </jdk>
    <jdk version="2">
      <name value="Python 3.8 (Python3_02)" />
      <type value="Python SDK" />
      <version value="Python 3.8.0" />
      <homePath value="C:\dev\Python\venvs\Python3s\Python3_02\Scripts\python.exe" />
      <roots>
        <classPath>
          <root type="composite">
            <root url="file://C:/dev/Python/Python38-32/DLLs" type="simple" />
            <root url="file://C:/dev/Python/Python38-32/Lib" type="simple" />
            <root url="file://C:/dev/Python/Python38-32" type="simple" />
            <root url="file://C:/dev/Python/venvs/Python3s/Python3_02" type="simple" />
            <root url="file://C:/dev/Python/venvs/Python3s/Python3_02/Lib/site-packages" type="simple" />
            <root url="jar://C:/dev/Python/venvs/Python3s/Python3_02/Lib/site-packages/setuptools-40.8.0-py3.8.egg!/" type="simple" />
            <root url="file://C:/dev/Python/venvs/Python3s/Python3_02/Lib/site-packages/pip-19.0.3-py3.8.egg" type="simple" />
            <root url="file://$USER_HOME$/.PyCharm2019.3/system/python_stubs/964389709" type="simple" />
            <root url="file://$APPLICATION_HOME_DIR$/plugins/python/helpers/python-skeletons" type="simple" />
            <root url="file://$APPLICATION_HOME_DIR$/plugins/python/helpers/typeshed/stdlib/3" type="simple" />
            <root url="file://$APPLICATION_HOME_DIR$/plugins/python/helpers/typeshed/stdlib/2and3" type="simple" />
            <root url="file://$APPLICATION_HOME_DIR$/plugins/python/helpers/typeshed/third_party/3" type="simple" />
            <root url="file://$APPLICATION_HOME_DIR$/plugins/python/helpers/typeshed/third_party/2and3" type="simple" />
          </root>
        </classPath>
        <sourcePath>
          <root type="composite" />
        </sourcePath>
      </roots>
      <additional />
    </jdk>
  </component>
</application>