<application>
  <component name="CosySettings">
    <option name="dedicatedDomainUrl" value="" />
    <option name="parameter">
      <ChangeUserSettingParams>
        <option name="allowReportUsage" value="true" />
        <option name="cloud">
          <CloudModelParam>
            <option name="autoTrigger">
              <CloudModelAutoTrigger>
                <option name="enable" value="true" />
                <option name="generateLength" value="level_1" />
                <option name="modelLevel" value="large" />
              </CloudModelAutoTrigger>
            </option>
            <option name="enable" value="true" />
            <option name="manualTrigger">
              <CloudModelManualTrigger>
                <option name="generateLength" value="level_2" />
                <option name="modelLevel" value="large" />
              </CloudModelManualTrigger>
            </option>
          </CloudModelParam>
        </option>
        <option name="local">
          <LocalModelParam>
            <option name="enable" value="false" />
            <option name="inferenceMode" value="auto" />
            <option name="maxCandidateNum" value="3" />
          </LocalModelParam>
        </option>
      </ChangeUserSettingParams>
    </option>
    <option name="recentComplexQueries">
      <map>
        <entry key="OrchardCore|1377982345401655">
          <value>
            <list>
              <ChatRecentQuery>
                <option name="chatInputElements">
                  <list>
                    <ChatInputElement>
                      <option name="text" value="怎么把bin和obj文件夹排除" />
                      <option name="type" value="text" />
                    </ChatInputElement>
                  </list>
                </option>
                <option name="contextTags">
                  <list />
                </option>
              </ChatRecentQuery>
            </list>
          </value>
        </entry>
        <entry key="learn_csharp|1377982345401655">
          <value>
            <list>
              <ChatRecentQuery>
                <option name="chatInputElements">
                  <list>
                    <ChatInputElement>
                      <option name="text" value="程序定义了多个入口点。使用 /main (指定包含入口点的类型)进行编译。&#10;" />
                      <option name="type" value="text" />
                    </ChatInputElement>
                  </list>
                </option>
                <option name="contextTags">
                  <list />
                </option>
              </ChatRecentQuery>
              <ChatRecentQuery>
                <option name="chatInputElements">
                  <list>
                    <ChatInputElement>
                      <option name="text" value="c#多线程" />
                      <option name="type" value="text" />
                    </ChatInputElement>
                  </list>
                </option>
                <option name="contextTags">
                  <list />
                </option>
              </ChatRecentQuery>
              <ChatRecentQuery>
                <option name="chatInputElements">
                  <list>
                    <ChatInputElement>
                      <option name="text" value="java中的aysnc和await" />
                      <option name="type" value="text" />
                    </ChatInputElement>
                  </list>
                </option>
                <option name="contextTags">
                  <list />
                </option>
              </ChatRecentQuery>
              <ChatRecentQuery>
                <option name="chatInputElements">
                  <list>
                    <ChatInputElement>
                      <option name="text" value="java中的synchronized和c#中的lock" />
                      <option name="type" value="text" />
                    </ChatInputElement>
                  </list>
                </option>
                <option name="contextTags">
                  <list />
                </option>
              </ChatRecentQuery>
              <ChatRecentQuery>
                <option name="chatInputElements">
                  <list>
                    <ChatInputElement>
                      <option name="text" value="[AttributeUsage(AttributeTargets.Constructor | AttributeTargets.Method, Inherited = false)]  是什么意思" />
                      <option name="type" value="text" />
                    </ChatInputElement>
                  </list>
                </option>
                <option name="contextTags">
                  <list>
                    <ChatContextTag>
                      <option name="componentType" value="comboBox" />
                      <option name="contextProvider">
                        <SuggestPrompt>
                          <option name="componentType" value="comboBox" />
                          <option name="contextName" value="selectedCode" />
                          <option name="drillDownEnable" value="false" />
                          <option name="enabled" value="true" />
                          <option name="extra">
                            <map>
                              <entry key="contextType">
                                <value>
                                  <Object />
                                </value>
                              </entry>
                            </map>
                          </option>
                          <option name="hint" value="selectedCode" />
                          <option name="id" value="858b986a-9b02-4d41-87ef-c7b6b92b44d7" />
                          <option name="sourceType" value="system" />
                          <option name="text" value="#selectedCode" />
                          <option name="type" value="context" />
                        </SuggestPrompt>
                      </option>
                      <option name="endLine" value="12" />
                      <option name="extra">
                        <map>
                          <entry key="contextType">
                            <value>
                              <Object />
                            </value>
                          </entry>
                          <entry key="endLine">
                            <value>
                              <Object />
                            </value>
                          </entry>
                          <entry key="fileName">
                            <value>
                              <Object />
                            </value>
                          </entry>
                          <entry key="filePath">
                            <value>
                              <Object />
                            </value>
                          </entry>
                          <entry key="selectedItemContent">
                            <value>
                              <Object />
                            </value>
                          </entry>
                          <entry key="startLine">
                            <value>
                              <Object />
                            </value>
                          </entry>
                        </map>
                      </option>
                      <option name="id" value="$APPLICATION_CONFIG_DIR$/resharper-host/DecompilerCache/decompiler/3f1f4402a25a494bb02dd8beeca5cb8fd82000/1f/373be05e/MethodImplAttribute.cs#L12-L12" />
                      <option name="name" value="$APPLICATION_CONFIG_DIR$/resharper-host/DecompilerCache/decompiler/3f1f4402a25a494bb02dd8beeca5cb8fd82000/1f/373be05e/MethodImplAttribute.cs#L12-L12" />
                      <option name="payload">
                        <Object />
                      </option>
                      <option name="sourceType" value="system" />
                      <option name="statLine" value="12" />
                      <option name="text" value="MethodImplAttribute.cs" />
                      <option name="type" value="currentFile" />
                    </ChatContextTag>
                  </list>
                </option>
              </ChatRecentQuery>
              <ChatRecentQuery>
                <option name="chatInputElements">
                  <list>
                    <ChatInputElement>
                      <option name="text" value="[]是c#的什么语法" />
                      <option name="type" value="text" />
                    </ChatInputElement>
                  </list>
                </option>
                <option name="contextTags">
                  <list>
                    <ChatContextTag>
                      <option name="componentType" value="comboBox" />
                      <option name="contextProvider">
                        <SuggestPrompt>
                          <option name="componentType" value="comboBox" />
                          <option name="contextName" value="file" />
                          <option name="drillDownEnable" value="true" />
                          <option name="enabled" value="true" />
                          <option name="extra">
                            <map>
                              <entry key="contextType">
                                <value>
                                  <Object />
                                </value>
                              </entry>
                            </map>
                          </option>
                          <option name="hint" value="file" />
                          <option name="id" value="7a0c2792-b1ed-49ec-a82b-d97b16a242b4" />
                          <option name="sourceType" value="system" />
                          <option name="text" value="#file" />
                          <option name="type" value="context" />
                        </SuggestPrompt>
                      </option>
                      <option name="extra">
                        <map>
                          <entry key="contextType">
                            <value>
                              <Object />
                            </value>
                          </entry>
                          <entry key="endLine" />
                          <entry key="fileName">
                            <value>
                              <Object />
                            </value>
                          </entry>
                          <entry key="filePath">
                            <value>
                              <Object />
                            </value>
                          </entry>
                          <entry key="selectedItemContent" />
                          <entry key="startLine" />
                        </map>
                      </option>
                      <option name="id" value="$APPLICATION_CONFIG_DIR$/resharper-host/DecompilerCache/decompiler/3f1f4402a25a494bb02dd8beeca5cb8fd82000/1f/373be05e/MethodImplAttribute.cs" />
                      <option name="name" value="$APPLICATION_CONFIG_DIR$/resharper-host/DecompilerCache/decompiler/3f1f4402a25a494bb02dd8beeca5cb8fd82000/1f/373be05e/MethodImplAttribute.cs" />
                      <option name="payload">
                        <Object />
                      </option>
                      <option name="sourceType" value="system" />
                      <option name="text" value="MethodImplAttribute.cs" />
                      <option name="type" value="currentFile" />
                    </ChatContextTag>
                  </list>
                </option>
              </ChatRecentQuery>
              <ChatRecentQuery>
                <option name="chatInputElements">
                  <list>
                    <ChatInputElement>
                      <option name="text" value="这个是不是类似于java的注解" />
                      <option name="type" value="text" />
                    </ChatInputElement>
                  </list>
                </option>
                <option name="contextTags">
                  <list>
                    <ChatContextTag>
                      <option name="componentType" value="comboBox" />
                      <option name="contextProvider">
                        <SuggestPrompt>
                          <option name="componentType" value="comboBox" />
                          <option name="contextName" value="file" />
                          <option name="drillDownEnable" value="true" />
                          <option name="enabled" value="true" />
                          <option name="extra">
                            <map>
                              <entry key="contextType">
                                <value>
                                  <Object />
                                </value>
                              </entry>
                            </map>
                          </option>
                          <option name="hint" value="file" />
                          <option name="id" value="7a0c2792-b1ed-49ec-a82b-d97b16a242b4" />
                          <option name="sourceType" value="system" />
                          <option name="text" value="#file" />
                          <option name="type" value="context" />
                        </SuggestPrompt>
                      </option>
                      <option name="extra">
                        <map>
                          <entry key="contextType">
                            <value>
                              <Object />
                            </value>
                          </entry>
                          <entry key="endLine" />
                          <entry key="fileName">
                            <value>
                              <Object />
                            </value>
                          </entry>
                          <entry key="filePath">
                            <value>
                              <Object />
                            </value>
                          </entry>
                          <entry key="selectedItemContent" />
                          <entry key="startLine" />
                        </map>
                      </option>
                      <option name="id" value="$APPLICATION_CONFIG_DIR$/resharper-host/DecompilerCache/decompiler/3f1f4402a25a494bb02dd8beeca5cb8fd82000/1f/373be05e/MethodImplAttribute.cs" />
                      <option name="name" value="$APPLICATION_CONFIG_DIR$/resharper-host/DecompilerCache/decompiler/3f1f4402a25a494bb02dd8beeca5cb8fd82000/1f/373be05e/MethodImplAttribute.cs" />
                      <option name="payload">
                        <Object />
                      </option>
                      <option name="sourceType" value="system" />
                      <option name="text" value="MethodImplAttribute.cs" />
                      <option name="type" value="currentFile" />
                    </ChatContextTag>
                  </list>
                </option>
              </ChatRecentQuery>
              <ChatRecentQuery>
                <option name="chatInputElements">
                  <list>
                    <ChatInputElement>
                      <option name="text" value="c#的网站后端开发框架" />
                      <option name="type" value="text" />
                    </ChatInputElement>
                  </list>
                </option>
                <option name="contextTags">
                  <list />
                </option>
              </ChatRecentQuery>
              <ChatRecentQuery>
                <option name="chatInputElements">
                  <list>
                    <ChatInputElement>
                      <option name="text" value="c#的solution，怎么把各个子项目的obj和bin排除" />
                      <option name="type" value="text" />
                    </ChatInputElement>
                  </list>
                </option>
                <option name="contextTags">
                  <list />
                </option>
              </ChatRecentQuery>
              <ChatRecentQuery>
                <option name="chatInputElements">
                  <list>
                    <ChatInputElement>
                      <option name="text" value="怎么把.idea排除" />
                      <option name="type" value="text" />
                    </ChatInputElement>
                  </list>
                </option>
                <option name="contextTags">
                  <list />
                </option>
              </ChatRecentQuery>
              <ChatRecentQuery>
                <option name="chatInputElements">
                  <list>
                    <ChatInputElement>
                      <option name="text" value="Mono location is not specified in settings correctly and cannot be discovered automatically. Please check Mono settings under File | Settings | Build, Execution, Deployment | Toolset and Build.&#10;" />
                      <option name="type" value="text" />
                    </ChatInputElement>
                  </list>
                </option>
                <option name="contextTags">
                  <list />
                </option>
              </ChatRecentQuery>
              <ChatRecentQuery>
                <option name="chatInputElements">
                  <list>
                    <ChatInputElement>
                      <option name="text" value="没找到mono" />
                      <option name="type" value="text" />
                    </ChatInputElement>
                  </list>
                </option>
                <option name="contextTags">
                  <list>
                    <ChatContextTag>
                      <option name="componentType" value="comboBox" />
                      <option name="contextProvider">
                        <SuggestPrompt>
                          <option name="componentType" value="comboBox" />
                          <option name="contextName" value="file" />
                          <option name="drillDownEnable" value="true" />
                          <option name="enabled" value="true" />
                          <option name="extra">
                            <map>
                              <entry key="contextType">
                                <value>
                                  <Object />
                                </value>
                              </entry>
                            </map>
                          </option>
                          <option name="hint" value="file" />
                          <option name="id" value="7a0c2792-b1ed-49ec-a82b-d97b16a242b4" />
                          <option name="sourceType" value="system" />
                          <option name="text" value="#file" />
                          <option name="type" value="context" />
                        </SuggestPrompt>
                      </option>
                      <option name="extra">
                        <map>
                          <entry key="contextType">
                            <value>
                              <Object />
                            </value>
                          </entry>
                          <entry key="endLine" />
                          <entry key="fileName">
                            <value>
                              <Object />
                            </value>
                          </entry>
                          <entry key="filePath">
                            <value>
                              <Object />
                            </value>
                          </entry>
                          <entry key="selectedItemContent" />
                          <entry key="startLine" />
                        </map>
                      </option>
                      <option name="id" value="$USER_HOME$/workspace/Rider_workspace/learn_csharp/001_HelloWorld/Program.cs" />
                      <option name="name" value="$USER_HOME$/workspace/Rider_workspace/learn_csharp/001_HelloWorld/Program.cs" />
                      <option name="payload">
                        <Object />
                      </option>
                      <option name="sourceType" value="system" />
                      <option name="text" value="Program.cs" />
                      <option name="type" value="currentFile" />
                    </ChatContextTag>
                  </list>
                </option>
              </ChatRecentQuery>
              <ChatRecentQuery>
                <option name="chatInputElements">
                  <list>
                    <ChatInputElement>
                      <option name="text" value="“检查 Mono 的路径是否正确指定”这个是在哪？" />
                      <option name="type" value="text" />
                    </ChatInputElement>
                  </list>
                </option>
                <option name="contextTags">
                  <list>
                    <ChatContextTag>
                      <option name="componentType" value="comboBox" />
                      <option name="contextProvider">
                        <SuggestPrompt>
                          <option name="componentType" value="comboBox" />
                          <option name="contextName" value="file" />
                          <option name="drillDownEnable" value="true" />
                          <option name="enabled" value="true" />
                          <option name="extra">
                            <map>
                              <entry key="contextType">
                                <value>
                                  <Object />
                                </value>
                              </entry>
                            </map>
                          </option>
                          <option name="hint" value="file" />
                          <option name="id" value="7a0c2792-b1ed-49ec-a82b-d97b16a242b4" />
                          <option name="sourceType" value="system" />
                          <option name="text" value="#file" />
                          <option name="type" value="context" />
                        </SuggestPrompt>
                      </option>
                      <option name="extra">
                        <map>
                          <entry key="contextType">
                            <value>
                              <Object />
                            </value>
                          </entry>
                          <entry key="endLine" />
                          <entry key="fileName">
                            <value>
                              <Object />
                            </value>
                          </entry>
                          <entry key="filePath">
                            <value>
                              <Object />
                            </value>
                          </entry>
                          <entry key="selectedItemContent" />
                          <entry key="startLine" />
                        </map>
                      </option>
                      <option name="id" value="$USER_HOME$/workspace/Rider_workspace/learn_csharp/Test/Program.cs" />
                      <option name="name" value="$USER_HOME$/workspace/Rider_workspace/learn_csharp/Test/Program.cs" />
                      <option name="payload">
                        <Object />
                      </option>
                      <option name="sourceType" value="system" />
                      <option name="text" value="Program.cs" />
                      <option name="type" value="currentFile" />
                    </ChatContextTag>
                  </list>
                </option>
              </ChatRecentQuery>
              <ChatRecentQuery>
                <option name="chatInputElements">
                  <list>
                    <ChatInputElement>
                      <option name="text" value="c#的solution，bin和obj文件夹干啥的" />
                      <option name="type" value="text" />
                    </ChatInputElement>
                  </list>
                </option>
                <option name="contextTags">
                  <list />
                </option>
              </ChatRecentQuery>
              <ChatRecentQuery>
                <option name="chatInputElements">
                  <list>
                    <ChatInputElement>
                      <option name="text" value="LINQ&#10;" />
                      <option name="type" value="text" />
                    </ChatInputElement>
                  </list>
                </option>
                <option name="contextTags">
                  <list>
                    <ChatContextTag>
                      <option name="componentType" value="comboBox" />
                      <option name="contextProvider">
                        <SuggestPrompt>
                          <option name="componentType" value="comboBox" />
                          <option name="contextName" value="file" />
                          <option name="drillDownEnable" value="true" />
                          <option name="enabled" value="true" />
                          <option name="extra">
                            <map>
                              <entry key="contextType">
                                <value>
                                  <Object />
                                </value>
                              </entry>
                            </map>
                          </option>
                          <option name="hint" value="file" />
                          <option name="id" value="7a0c2792-b1ed-49ec-a82b-d97b16a242b4" />
                          <option name="sourceType" value="system" />
                          <option name="text" value="#file" />
                          <option name="type" value="context" />
                        </SuggestPrompt>
                      </option>
                      <option name="extra">
                        <map>
                          <entry key="contextType">
                            <value>
                              <Object />
                            </value>
                          </entry>
                          <entry key="endLine" />
                          <entry key="fileName">
                            <value>
                              <Object />
                            </value>
                          </entry>
                          <entry key="filePath">
                            <value>
                              <Object />
                            </value>
                          </entry>
                          <entry key="selectedItemContent" />
                          <entry key="startLine" />
                        </map>
                      </option>
                      <option name="id" value="$USER_HOME$/workspace/Rider_workspace/learn_csharp/Test/Program.cs" />
                      <option name="name" value="$USER_HOME$/workspace/Rider_workspace/learn_csharp/Test/Program.cs" />
                      <option name="payload">
                        <Object />
                      </option>
                      <option name="sourceType" value="system" />
                      <option name="text" value="Program.cs" />
                      <option name="type" value="currentFile" />
                    </ChatContextTag>
                  </list>
                </option>
              </ChatRecentQuery>
            </list>
          </value>
        </entry>
      </map>
    </option>
    <option name="showInlineAcceptTips" value="false" />
    <option name="showInlineCancelTips" value="false" />
  </component>
</application>