<application>
  <component name="FileTypeManager" version="19">
    <ignoreFiles list="*$py.class;*.pyc;*.pyo;*.rbc;*.yarb;*~;.DS_Store;.git;.hg;.mypy_cache;.pytest_cache;.ruff_cache;.svn;CVS;__pycache__;_svn;vssver.scc;vssver2.scc" />
    <extensionMap>
      <removed_mapping ext="tps" approved="true" type="XML" />
      <removed_mapping ext="usf" approved="true" type="C/C++" />
      <removed_mapping ext="ush" approved="true" type="C/C++ Header" />
    </extensionMap>
  </component>
</application>