<application>
  <component name="ProjectJdkTable">
    <jdk version="2">
      <name value="1.8.0_231" />
      <type value="JavaSDK" />
      <version value="java version &quot;1.8.0_231&quot;" />
      <homePath value="C:/dev/Java/jdk1.8.0_231" />
      <roots>
        <classPath>
          <root type="composite">
            <root url="jar:///C:/dev/Java/jdk1.8.0_231/jre/lib/charsets.jar!/" type="simple" />
            <root url="jar:///C:/dev/Java/jdk1.8.0_231/jre/lib/deploy.jar!/" type="simple" />
            <root url="jar:///C:/dev/Java/jdk1.8.0_231/jre/lib/ext/access-bridge-64.jar!/" type="simple" />
            <root url="jar:///C:/dev/Java/jdk1.8.0_231/jre/lib/ext/cldrdata.jar!/" type="simple" />
            <root url="jar:///C:/dev/Java/jdk1.8.0_231/jre/lib/ext/dnsns.jar!/" type="simple" />
            <root url="jar:///C:/dev/Java/jdk1.8.0_231/jre/lib/ext/jaccess.jar!/" type="simple" />
            <root url="jar:///C:/dev/Java/jdk1.8.0_231/jre/lib/ext/jfxrt.jar!/" type="simple" />
            <root url="jar:///C:/dev/Java/jdk1.8.0_231/jre/lib/ext/localedata.jar!/" type="simple" />
            <root url="jar:///C:/dev/Java/jdk1.8.0_231/jre/lib/ext/nashorn.jar!/" type="simple" />
            <root url="jar:///C:/dev/Java/jdk1.8.0_231/jre/lib/ext/sunec.jar!/" type="simple" />
            <root url="jar:///C:/dev/Java/jdk1.8.0_231/jre/lib/ext/sunjce_provider.jar!/" type="simple" />
            <root url="jar:///C:/dev/Java/jdk1.8.0_231/jre/lib/ext/sunmscapi.jar!/" type="simple" />
            <root url="jar:///C:/dev/Java/jdk1.8.0_231/jre/lib/ext/sunpkcs11.jar!/" type="simple" />
            <root url="jar:///C:/dev/Java/jdk1.8.0_231/jre/lib/ext/zipfs.jar!/" type="simple" />
            <root url="jar:///C:/dev/Java/jdk1.8.0_231/jre/lib/javaws.jar!/" type="simple" />
            <root url="jar:///C:/dev/Java/jdk1.8.0_231/jre/lib/jce.jar!/" type="simple" />
            <root url="jar:///C:/dev/Java/jdk1.8.0_231/jre/lib/jfr.jar!/" type="simple" />
            <root url="jar:///C:/dev/Java/jdk1.8.0_231/jre/lib/jfxswt.jar!/" type="simple" />
            <root url="jar:///C:/dev/Java/jdk1.8.0_231/jre/lib/jsse.jar!/" type="simple" />
            <root url="jar:///C:/dev/Java/jdk1.8.0_231/jre/lib/management-agent.jar!/" type="simple" />
            <root url="jar:///C:/dev/Java/jdk1.8.0_231/jre/lib/plugin.jar!/" type="simple" />
            <root url="jar:///C:/dev/Java/jdk1.8.0_231/jre/lib/resources.jar!/" type="simple" />
            <root url="jar:///C:/dev/Java/jdk1.8.0_231/jre/lib/rt.jar!/" type="simple" />
          </root>
        </classPath>
        <sourcePath>
          <root type="composite">
            <root url="jar:///C:/dev/Java/jdk1.8.0_231/src.zip!/" type="simple" />
            <root url="jar:///C:/dev/Java/jdk1.8.0_231/javafx-src.zip!/" type="simple" />
          </root>
        </sourcePath>
      </roots>
      <additional />
    </jdk>
    <jdk version="2">
      <name value="11.0.5" />
      <type value="JavaSDK" />
      <version value="java version &quot;11.0.5&quot;" />
      <homePath value="C:/dev/Java/jdk-11.0.5" />
      <roots>
        <classPath>
          <root type="composite">
            <root url="jrt://C:/dev/Java/jdk-11.0.5!/java.base" type="simple" />
            <root url="jrt://C:/dev/Java/jdk-11.0.5!/java.compiler" type="simple" />
            <root url="jrt://C:/dev/Java/jdk-11.0.5!/java.datatransfer" type="simple" />
            <root url="jrt://C:/dev/Java/jdk-11.0.5!/java.desktop" type="simple" />
            <root url="jrt://C:/dev/Java/jdk-11.0.5!/java.instrument" type="simple" />
            <root url="jrt://C:/dev/Java/jdk-11.0.5!/java.logging" type="simple" />
            <root url="jrt://C:/dev/Java/jdk-11.0.5!/java.management" type="simple" />
            <root url="jrt://C:/dev/Java/jdk-11.0.5!/java.management.rmi" type="simple" />
            <root url="jrt://C:/dev/Java/jdk-11.0.5!/java.naming" type="simple" />
            <root url="jrt://C:/dev/Java/jdk-11.0.5!/java.net.http" type="simple" />
            <root url="jrt://C:/dev/Java/jdk-11.0.5!/java.prefs" type="simple" />
            <root url="jrt://C:/dev/Java/jdk-11.0.5!/java.rmi" type="simple" />
            <root url="jrt://C:/dev/Java/jdk-11.0.5!/java.scripting" type="simple" />
            <root url="jrt://C:/dev/Java/jdk-11.0.5!/java.se" type="simple" />
            <root url="jrt://C:/dev/Java/jdk-11.0.5!/java.security.jgss" type="simple" />
            <root url="jrt://C:/dev/Java/jdk-11.0.5!/java.security.sasl" type="simple" />
            <root url="jrt://C:/dev/Java/jdk-11.0.5!/java.smartcardio" type="simple" />
            <root url="jrt://C:/dev/Java/jdk-11.0.5!/java.sql" type="simple" />
            <root url="jrt://C:/dev/Java/jdk-11.0.5!/java.sql.rowset" type="simple" />
            <root url="jrt://C:/dev/Java/jdk-11.0.5!/java.transaction.xa" type="simple" />
            <root url="jrt://C:/dev/Java/jdk-11.0.5!/java.xml" type="simple" />
            <root url="jrt://C:/dev/Java/jdk-11.0.5!/java.xml.crypto" type="simple" />
            <root url="jrt://C:/dev/Java/jdk-11.0.5!/jdk.accessibility" type="simple" />
            <root url="jrt://C:/dev/Java/jdk-11.0.5!/jdk.aot" type="simple" />
            <root url="jrt://C:/dev/Java/jdk-11.0.5!/jdk.attach" type="simple" />
            <root url="jrt://C:/dev/Java/jdk-11.0.5!/jdk.charsets" type="simple" />
            <root url="jrt://C:/dev/Java/jdk-11.0.5!/jdk.compiler" type="simple" />
            <root url="jrt://C:/dev/Java/jdk-11.0.5!/jdk.crypto.cryptoki" type="simple" />
            <root url="jrt://C:/dev/Java/jdk-11.0.5!/jdk.crypto.ec" type="simple" />
            <root url="jrt://C:/dev/Java/jdk-11.0.5!/jdk.crypto.mscapi" type="simple" />
            <root url="jrt://C:/dev/Java/jdk-11.0.5!/jdk.dynalink" type="simple" />
            <root url="jrt://C:/dev/Java/jdk-11.0.5!/jdk.editpad" type="simple" />
            <root url="jrt://C:/dev/Java/jdk-11.0.5!/jdk.hotspot.agent" type="simple" />
            <root url="jrt://C:/dev/Java/jdk-11.0.5!/jdk.httpserver" type="simple" />
            <root url="jrt://C:/dev/Java/jdk-11.0.5!/jdk.internal.ed" type="simple" />
            <root url="jrt://C:/dev/Java/jdk-11.0.5!/jdk.internal.jvmstat" type="simple" />
            <root url="jrt://C:/dev/Java/jdk-11.0.5!/jdk.internal.le" type="simple" />
            <root url="jrt://C:/dev/Java/jdk-11.0.5!/jdk.internal.opt" type="simple" />
            <root url="jrt://C:/dev/Java/jdk-11.0.5!/jdk.internal.vm.ci" type="simple" />
            <root url="jrt://C:/dev/Java/jdk-11.0.5!/jdk.internal.vm.compiler" type="simple" />
            <root url="jrt://C:/dev/Java/jdk-11.0.5!/jdk.internal.vm.compiler.management" type="simple" />
            <root url="jrt://C:/dev/Java/jdk-11.0.5!/jdk.jartool" type="simple" />
            <root url="jrt://C:/dev/Java/jdk-11.0.5!/jdk.javadoc" type="simple" />
            <root url="jrt://C:/dev/Java/jdk-11.0.5!/jdk.jcmd" type="simple" />
            <root url="jrt://C:/dev/Java/jdk-11.0.5!/jdk.jconsole" type="simple" />
            <root url="jrt://C:/dev/Java/jdk-11.0.5!/jdk.jdeps" type="simple" />
            <root url="jrt://C:/dev/Java/jdk-11.0.5!/jdk.jdi" type="simple" />
            <root url="jrt://C:/dev/Java/jdk-11.0.5!/jdk.jdwp.agent" type="simple" />
            <root url="jrt://C:/dev/Java/jdk-11.0.5!/jdk.jfr" type="simple" />
            <root url="jrt://C:/dev/Java/jdk-11.0.5!/jdk.jlink" type="simple" />
            <root url="jrt://C:/dev/Java/jdk-11.0.5!/jdk.jshell" type="simple" />
            <root url="jrt://C:/dev/Java/jdk-11.0.5!/jdk.jsobject" type="simple" />
            <root url="jrt://C:/dev/Java/jdk-11.0.5!/jdk.jstatd" type="simple" />
            <root url="jrt://C:/dev/Java/jdk-11.0.5!/jdk.localedata" type="simple" />
            <root url="jrt://C:/dev/Java/jdk-11.0.5!/jdk.management" type="simple" />
            <root url="jrt://C:/dev/Java/jdk-11.0.5!/jdk.management.agent" type="simple" />
            <root url="jrt://C:/dev/Java/jdk-11.0.5!/jdk.management.jfr" type="simple" />
            <root url="jrt://C:/dev/Java/jdk-11.0.5!/jdk.naming.dns" type="simple" />
            <root url="jrt://C:/dev/Java/jdk-11.0.5!/jdk.naming.rmi" type="simple" />
            <root url="jrt://C:/dev/Java/jdk-11.0.5!/jdk.net" type="simple" />
            <root url="jrt://C:/dev/Java/jdk-11.0.5!/jdk.pack" type="simple" />
            <root url="jrt://C:/dev/Java/jdk-11.0.5!/jdk.rmic" type="simple" />
            <root url="jrt://C:/dev/Java/jdk-11.0.5!/jdk.scripting.nashorn" type="simple" />
            <root url="jrt://C:/dev/Java/jdk-11.0.5!/jdk.scripting.nashorn.shell" type="simple" />
            <root url="jrt://C:/dev/Java/jdk-11.0.5!/jdk.sctp" type="simple" />
            <root url="jrt://C:/dev/Java/jdk-11.0.5!/jdk.security.auth" type="simple" />
            <root url="jrt://C:/dev/Java/jdk-11.0.5!/jdk.security.jgss" type="simple" />
            <root url="jrt://C:/dev/Java/jdk-11.0.5!/jdk.unsupported" type="simple" />
            <root url="jrt://C:/dev/Java/jdk-11.0.5!/jdk.unsupported.desktop" type="simple" />
            <root url="jrt://C:/dev/Java/jdk-11.0.5!/jdk.xml.dom" type="simple" />
            <root url="jrt://C:/dev/Java/jdk-11.0.5!/jdk.zipfs" type="simple" />
          </root>
        </classPath>
        <sourcePath>
          <root type="composite">
            <root url="jar:///C:/dev/Java/jdk-11.0.5/lib/src.zip!/java.se" type="simple" />
            <root url="jar:///C:/dev/Java/jdk-11.0.5/lib/src.zip!/jdk.aot" type="simple" />
            <root url="jar:///C:/dev/Java/jdk-11.0.5/lib/src.zip!/jdk.jdi" type="simple" />
            <root url="jar:///C:/dev/Java/jdk-11.0.5/lib/src.zip!/jdk.jfr" type="simple" />
            <root url="jar:///C:/dev/Java/jdk-11.0.5/lib/src.zip!/jdk.net" type="simple" />
            <root url="jar:///C:/dev/Java/jdk-11.0.5/lib/src.zip!/java.rmi" type="simple" />
            <root url="jar:///C:/dev/Java/jdk-11.0.5/lib/src.zip!/java.sql" type="simple" />
            <root url="jar:///C:/dev/Java/jdk-11.0.5/lib/src.zip!/java.xml" type="simple" />
            <root url="jar:///C:/dev/Java/jdk-11.0.5/lib/src.zip!/jdk.jcmd" type="simple" />
            <root url="jar:///C:/dev/Java/jdk-11.0.5/lib/src.zip!/jdk.pack" type="simple" />
            <root url="jar:///C:/dev/Java/jdk-11.0.5/lib/src.zip!/jdk.rmic" type="simple" />
            <root url="jar:///C:/dev/Java/jdk-11.0.5/lib/src.zip!/jdk.sctp" type="simple" />
            <root url="jar:///C:/dev/Java/jdk-11.0.5/lib/src.zip!/java.base" type="simple" />
            <root url="jar:///C:/dev/Java/jdk-11.0.5/lib/src.zip!/jdk.jdeps" type="simple" />
            <root url="jar:///C:/dev/Java/jdk-11.0.5/lib/src.zip!/jdk.jlink" type="simple" />
            <root url="jar:///C:/dev/Java/jdk-11.0.5/lib/src.zip!/jdk.zipfs" type="simple" />
            <root url="jar:///C:/dev/Java/jdk-11.0.5/lib/src.zip!/java.prefs" type="simple" />
            <root url="jar:///C:/dev/Java/jdk-11.0.5/lib/src.zip!/jdk.attach" type="simple" />
            <root url="jar:///C:/dev/Java/jdk-11.0.5/lib/src.zip!/jdk.jshell" type="simple" />
            <root url="jar:///C:/dev/Java/jdk-11.0.5/lib/src.zip!/jdk.jstatd" type="simple" />
            <root url="jar:///C:/dev/Java/jdk-11.0.5/lib/src.zip!/java.naming" type="simple" />
            <root url="jar:///C:/dev/Java/jdk-11.0.5/lib/src.zip!/jdk.editpad" type="simple" />
            <root url="jar:///C:/dev/Java/jdk-11.0.5/lib/src.zip!/jdk.jartool" type="simple" />
            <root url="jar:///C:/dev/Java/jdk-11.0.5/lib/src.zip!/jdk.javadoc" type="simple" />
            <root url="jar:///C:/dev/Java/jdk-11.0.5/lib/src.zip!/jdk.xml.dom" type="simple" />
            <root url="jar:///C:/dev/Java/jdk-11.0.5/lib/src.zip!/java.desktop" type="simple" />
            <root url="jar:///C:/dev/Java/jdk-11.0.5/lib/src.zip!/java.logging" type="simple" />
            <root url="jar:///C:/dev/Java/jdk-11.0.5/lib/src.zip!/jdk.charsets" type="simple" />
            <root url="jar:///C:/dev/Java/jdk-11.0.5/lib/src.zip!/jdk.compiler" type="simple" />
            <root url="jar:///C:/dev/Java/jdk-11.0.5/lib/src.zip!/jdk.dynalink" type="simple" />
            <root url="jar:///C:/dev/Java/jdk-11.0.5/lib/src.zip!/jdk.jconsole" type="simple" />
            <root url="jar:///C:/dev/Java/jdk-11.0.5/lib/src.zip!/jdk.jsobject" type="simple" />
            <root url="jar:///C:/dev/Java/jdk-11.0.5/lib/src.zip!/java.compiler" type="simple" />
            <root url="jar:///C:/dev/Java/jdk-11.0.5/lib/src.zip!/java.net.http" type="simple" />
            <root url="jar:///C:/dev/Java/jdk-11.0.5/lib/src.zip!/jdk.crypto.ec" type="simple" />
            <root url="jar:///C:/dev/Java/jdk-11.0.5/lib/src.zip!/java.scripting" type="simple" />
            <root url="jar:///C:/dev/Java/jdk-11.0.5/lib/src.zip!/jdk.httpserver" type="simple" />
            <root url="jar:///C:/dev/Java/jdk-11.0.5/lib/src.zip!/jdk.jdwp.agent" type="simple" />
            <root url="jar:///C:/dev/Java/jdk-11.0.5/lib/src.zip!/jdk.localedata" type="simple" />
            <root url="jar:///C:/dev/Java/jdk-11.0.5/lib/src.zip!/jdk.management" type="simple" />
            <root url="jar:///C:/dev/Java/jdk-11.0.5/lib/src.zip!/jdk.naming.dns" type="simple" />
            <root url="jar:///C:/dev/Java/jdk-11.0.5/lib/src.zip!/jdk.naming.rmi" type="simple" />
            <root url="jar:///C:/dev/Java/jdk-11.0.5/lib/src.zip!/java.instrument" type="simple" />
            <root url="jar:///C:/dev/Java/jdk-11.0.5/lib/src.zip!/java.management" type="simple" />
            <root url="jar:///C:/dev/Java/jdk-11.0.5/lib/src.zip!/java.sql.rowset" type="simple" />
            <root url="jar:///C:/dev/Java/jdk-11.0.5/lib/src.zip!/java.xml.crypto" type="simple" />
            <root url="jar:///C:/dev/Java/jdk-11.0.5/lib/src.zip!/jdk.internal.ed" type="simple" />
            <root url="jar:///C:/dev/Java/jdk-11.0.5/lib/src.zip!/jdk.internal.le" type="simple" />
            <root url="jar:///C:/dev/Java/jdk-11.0.5/lib/src.zip!/jdk.unsupported" type="simple" />
            <root url="jar:///C:/dev/Java/jdk-11.0.5/lib/src.zip!/java.smartcardio" type="simple" />
            <root url="jar:///C:/dev/Java/jdk-11.0.5/lib/src.zip!/jdk.internal.opt" type="simple" />
            <root url="jar:///C:/dev/Java/jdk-11.0.5/lib/src.zip!/java.datatransfer" type="simple" />
            <root url="jar:///C:/dev/Java/jdk-11.0.5/lib/src.zip!/jdk.accessibility" type="simple" />
            <root url="jar:///C:/dev/Java/jdk-11.0.5/lib/src.zip!/jdk.crypto.mscapi" type="simple" />
            <root url="jar:///C:/dev/Java/jdk-11.0.5/lib/src.zip!/jdk.hotspot.agent" type="simple" />
            <root url="jar:///C:/dev/Java/jdk-11.0.5/lib/src.zip!/jdk.security.auth" type="simple" />
            <root url="jar:///C:/dev/Java/jdk-11.0.5/lib/src.zip!/jdk.security.jgss" type="simple" />
            <root url="jar:///C:/dev/Java/jdk-11.0.5/lib/src.zip!/java.security.jgss" type="simple" />
            <root url="jar:///C:/dev/Java/jdk-11.0.5/lib/src.zip!/java.security.sasl" type="simple" />
            <root url="jar:///C:/dev/Java/jdk-11.0.5/lib/src.zip!/jdk.internal.vm.ci" type="simple" />
            <root url="jar:///C:/dev/Java/jdk-11.0.5/lib/src.zip!/jdk.management.jfr" type="simple" />
            <root url="jar:///C:/dev/Java/jdk-11.0.5/lib/src.zip!/java.management.rmi" type="simple" />
            <root url="jar:///C:/dev/Java/jdk-11.0.5/lib/src.zip!/java.transaction.xa" type="simple" />
            <root url="jar:///C:/dev/Java/jdk-11.0.5/lib/src.zip!/jdk.crypto.cryptoki" type="simple" />
            <root url="jar:///C:/dev/Java/jdk-11.0.5/lib/src.zip!/jdk.internal.jvmstat" type="simple" />
            <root url="jar:///C:/dev/Java/jdk-11.0.5/lib/src.zip!/jdk.management.agent" type="simple" />
            <root url="jar:///C:/dev/Java/jdk-11.0.5/lib/src.zip!/jdk.scripting.nashorn" type="simple" />
            <root url="jar:///C:/dev/Java/jdk-11.0.5/lib/src.zip!/jdk.unsupported.desktop" type="simple" />
            <root url="jar:///C:/dev/Java/jdk-11.0.5/lib/src.zip!/jdk.internal.vm.compiler" type="simple" />
            <root url="jar:///C:/dev/Java/jdk-11.0.5/lib/src.zip!/jdk.scripting.nashorn.shell" type="simple" />
            <root url="jar:///C:/dev/Java/jdk-11.0.5/lib/src.zip!/jdk.internal.vm.compiler.management" type="simple" />
          </root>
        </sourcePath>
      </roots>
      <additional />
    </jdk>
    <jdk version="2">
      <name value="13.0.1" />
      <type value="JavaSDK" />
      <version value="java version &quot;13.0.1&quot;" />
      <homePath value="C:/dev/Java/jdk-13.0.1" />
      <roots>
        <classPath>
          <root type="composite">
            <root url="jrt://C:/dev/Java/jdk-13.0.1!/java.base" type="simple" />
            <root url="jrt://C:/dev/Java/jdk-13.0.1!/java.compiler" type="simple" />
            <root url="jrt://C:/dev/Java/jdk-13.0.1!/java.datatransfer" type="simple" />
            <root url="jrt://C:/dev/Java/jdk-13.0.1!/java.desktop" type="simple" />
            <root url="jrt://C:/dev/Java/jdk-13.0.1!/java.instrument" type="simple" />
            <root url="jrt://C:/dev/Java/jdk-13.0.1!/java.logging" type="simple" />
            <root url="jrt://C:/dev/Java/jdk-13.0.1!/java.management" type="simple" />
            <root url="jrt://C:/dev/Java/jdk-13.0.1!/java.management.rmi" type="simple" />
            <root url="jrt://C:/dev/Java/jdk-13.0.1!/java.naming" type="simple" />
            <root url="jrt://C:/dev/Java/jdk-13.0.1!/java.net.http" type="simple" />
            <root url="jrt://C:/dev/Java/jdk-13.0.1!/java.prefs" type="simple" />
            <root url="jrt://C:/dev/Java/jdk-13.0.1!/java.rmi" type="simple" />
            <root url="jrt://C:/dev/Java/jdk-13.0.1!/java.scripting" type="simple" />
            <root url="jrt://C:/dev/Java/jdk-13.0.1!/java.se" type="simple" />
            <root url="jrt://C:/dev/Java/jdk-13.0.1!/java.security.jgss" type="simple" />
            <root url="jrt://C:/dev/Java/jdk-13.0.1!/java.security.sasl" type="simple" />
            <root url="jrt://C:/dev/Java/jdk-13.0.1!/java.smartcardio" type="simple" />
            <root url="jrt://C:/dev/Java/jdk-13.0.1!/java.sql" type="simple" />
            <root url="jrt://C:/dev/Java/jdk-13.0.1!/java.sql.rowset" type="simple" />
            <root url="jrt://C:/dev/Java/jdk-13.0.1!/java.transaction.xa" type="simple" />
            <root url="jrt://C:/dev/Java/jdk-13.0.1!/java.xml" type="simple" />
            <root url="jrt://C:/dev/Java/jdk-13.0.1!/java.xml.crypto" type="simple" />
            <root url="jrt://C:/dev/Java/jdk-13.0.1!/jdk.accessibility" type="simple" />
            <root url="jrt://C:/dev/Java/jdk-13.0.1!/jdk.aot" type="simple" />
            <root url="jrt://C:/dev/Java/jdk-13.0.1!/jdk.attach" type="simple" />
            <root url="jrt://C:/dev/Java/jdk-13.0.1!/jdk.charsets" type="simple" />
            <root url="jrt://C:/dev/Java/jdk-13.0.1!/jdk.compiler" type="simple" />
            <root url="jrt://C:/dev/Java/jdk-13.0.1!/jdk.crypto.cryptoki" type="simple" />
            <root url="jrt://C:/dev/Java/jdk-13.0.1!/jdk.crypto.ec" type="simple" />
            <root url="jrt://C:/dev/Java/jdk-13.0.1!/jdk.crypto.mscapi" type="simple" />
            <root url="jrt://C:/dev/Java/jdk-13.0.1!/jdk.dynalink" type="simple" />
            <root url="jrt://C:/dev/Java/jdk-13.0.1!/jdk.editpad" type="simple" />
            <root url="jrt://C:/dev/Java/jdk-13.0.1!/jdk.hotspot.agent" type="simple" />
            <root url="jrt://C:/dev/Java/jdk-13.0.1!/jdk.httpserver" type="simple" />
            <root url="jrt://C:/dev/Java/jdk-13.0.1!/jdk.internal.ed" type="simple" />
            <root url="jrt://C:/dev/Java/jdk-13.0.1!/jdk.internal.jvmstat" type="simple" />
            <root url="jrt://C:/dev/Java/jdk-13.0.1!/jdk.internal.le" type="simple" />
            <root url="jrt://C:/dev/Java/jdk-13.0.1!/jdk.internal.opt" type="simple" />
            <root url="jrt://C:/dev/Java/jdk-13.0.1!/jdk.internal.vm.ci" type="simple" />
            <root url="jrt://C:/dev/Java/jdk-13.0.1!/jdk.internal.vm.compiler" type="simple" />
            <root url="jrt://C:/dev/Java/jdk-13.0.1!/jdk.internal.vm.compiler.management" type="simple" />
            <root url="jrt://C:/dev/Java/jdk-13.0.1!/jdk.jartool" type="simple" />
            <root url="jrt://C:/dev/Java/jdk-13.0.1!/jdk.javadoc" type="simple" />
            <root url="jrt://C:/dev/Java/jdk-13.0.1!/jdk.jcmd" type="simple" />
            <root url="jrt://C:/dev/Java/jdk-13.0.1!/jdk.jconsole" type="simple" />
            <root url="jrt://C:/dev/Java/jdk-13.0.1!/jdk.jdeps" type="simple" />
            <root url="jrt://C:/dev/Java/jdk-13.0.1!/jdk.jdi" type="simple" />
            <root url="jrt://C:/dev/Java/jdk-13.0.1!/jdk.jdwp.agent" type="simple" />
            <root url="jrt://C:/dev/Java/jdk-13.0.1!/jdk.jfr" type="simple" />
            <root url="jrt://C:/dev/Java/jdk-13.0.1!/jdk.jlink" type="simple" />
            <root url="jrt://C:/dev/Java/jdk-13.0.1!/jdk.jshell" type="simple" />
            <root url="jrt://C:/dev/Java/jdk-13.0.1!/jdk.jsobject" type="simple" />
            <root url="jrt://C:/dev/Java/jdk-13.0.1!/jdk.jstatd" type="simple" />
            <root url="jrt://C:/dev/Java/jdk-13.0.1!/jdk.localedata" type="simple" />
            <root url="jrt://C:/dev/Java/jdk-13.0.1!/jdk.management" type="simple" />
            <root url="jrt://C:/dev/Java/jdk-13.0.1!/jdk.management.agent" type="simple" />
            <root url="jrt://C:/dev/Java/jdk-13.0.1!/jdk.management.jfr" type="simple" />
            <root url="jrt://C:/dev/Java/jdk-13.0.1!/jdk.naming.dns" type="simple" />
            <root url="jrt://C:/dev/Java/jdk-13.0.1!/jdk.naming.rmi" type="simple" />
            <root url="jrt://C:/dev/Java/jdk-13.0.1!/jdk.net" type="simple" />
            <root url="jrt://C:/dev/Java/jdk-13.0.1!/jdk.pack" type="simple" />
            <root url="jrt://C:/dev/Java/jdk-13.0.1!/jdk.rmic" type="simple" />
            <root url="jrt://C:/dev/Java/jdk-13.0.1!/jdk.scripting.nashorn" type="simple" />
            <root url="jrt://C:/dev/Java/jdk-13.0.1!/jdk.scripting.nashorn.shell" type="simple" />
            <root url="jrt://C:/dev/Java/jdk-13.0.1!/jdk.sctp" type="simple" />
            <root url="jrt://C:/dev/Java/jdk-13.0.1!/jdk.security.auth" type="simple" />
            <root url="jrt://C:/dev/Java/jdk-13.0.1!/jdk.security.jgss" type="simple" />
            <root url="jrt://C:/dev/Java/jdk-13.0.1!/jdk.unsupported" type="simple" />
            <root url="jrt://C:/dev/Java/jdk-13.0.1!/jdk.unsupported.desktop" type="simple" />
            <root url="jrt://C:/dev/Java/jdk-13.0.1!/jdk.xml.dom" type="simple" />
            <root url="jrt://C:/dev/Java/jdk-13.0.1!/jdk.zipfs" type="simple" />
          </root>
        </classPath>
        <sourcePath>
          <root type="composite">
            <root url="jar:///C:/dev/Java/jdk-13.0.1/lib/src.zip!/java.se" type="simple" />
            <root url="jar:///C:/dev/Java/jdk-13.0.1/lib/src.zip!/jdk.aot" type="simple" />
            <root url="jar:///C:/dev/Java/jdk-13.0.1/lib/src.zip!/jdk.jdi" type="simple" />
            <root url="jar:///C:/dev/Java/jdk-13.0.1/lib/src.zip!/jdk.jfr" type="simple" />
            <root url="jar:///C:/dev/Java/jdk-13.0.1/lib/src.zip!/jdk.net" type="simple" />
            <root url="jar:///C:/dev/Java/jdk-13.0.1/lib/src.zip!/java.rmi" type="simple" />
            <root url="jar:///C:/dev/Java/jdk-13.0.1/lib/src.zip!/java.sql" type="simple" />
            <root url="jar:///C:/dev/Java/jdk-13.0.1/lib/src.zip!/java.xml" type="simple" />
            <root url="jar:///C:/dev/Java/jdk-13.0.1/lib/src.zip!/jdk.jcmd" type="simple" />
            <root url="jar:///C:/dev/Java/jdk-13.0.1/lib/src.zip!/jdk.pack" type="simple" />
            <root url="jar:///C:/dev/Java/jdk-13.0.1/lib/src.zip!/jdk.rmic" type="simple" />
            <root url="jar:///C:/dev/Java/jdk-13.0.1/lib/src.zip!/jdk.sctp" type="simple" />
            <root url="jar:///C:/dev/Java/jdk-13.0.1/lib/src.zip!/java.base" type="simple" />
            <root url="jar:///C:/dev/Java/jdk-13.0.1/lib/src.zip!/jdk.jdeps" type="simple" />
            <root url="jar:///C:/dev/Java/jdk-13.0.1/lib/src.zip!/jdk.jlink" type="simple" />
            <root url="jar:///C:/dev/Java/jdk-13.0.1/lib/src.zip!/jdk.zipfs" type="simple" />
            <root url="jar:///C:/dev/Java/jdk-13.0.1/lib/src.zip!/java.prefs" type="simple" />
            <root url="jar:///C:/dev/Java/jdk-13.0.1/lib/src.zip!/jdk.attach" type="simple" />
            <root url="jar:///C:/dev/Java/jdk-13.0.1/lib/src.zip!/jdk.jshell" type="simple" />
            <root url="jar:///C:/dev/Java/jdk-13.0.1/lib/src.zip!/jdk.jstatd" type="simple" />
            <root url="jar:///C:/dev/Java/jdk-13.0.1/lib/src.zip!/java.naming" type="simple" />
            <root url="jar:///C:/dev/Java/jdk-13.0.1/lib/src.zip!/jdk.editpad" type="simple" />
            <root url="jar:///C:/dev/Java/jdk-13.0.1/lib/src.zip!/jdk.jartool" type="simple" />
            <root url="jar:///C:/dev/Java/jdk-13.0.1/lib/src.zip!/jdk.javadoc" type="simple" />
            <root url="jar:///C:/dev/Java/jdk-13.0.1/lib/src.zip!/jdk.xml.dom" type="simple" />
            <root url="jar:///C:/dev/Java/jdk-13.0.1/lib/src.zip!/java.desktop" type="simple" />
            <root url="jar:///C:/dev/Java/jdk-13.0.1/lib/src.zip!/java.logging" type="simple" />
            <root url="jar:///C:/dev/Java/jdk-13.0.1/lib/src.zip!/jdk.charsets" type="simple" />
            <root url="jar:///C:/dev/Java/jdk-13.0.1/lib/src.zip!/jdk.compiler" type="simple" />
            <root url="jar:///C:/dev/Java/jdk-13.0.1/lib/src.zip!/jdk.dynalink" type="simple" />
            <root url="jar:///C:/dev/Java/jdk-13.0.1/lib/src.zip!/jdk.jconsole" type="simple" />
            <root url="jar:///C:/dev/Java/jdk-13.0.1/lib/src.zip!/jdk.jsobject" type="simple" />
            <root url="jar:///C:/dev/Java/jdk-13.0.1/lib/src.zip!/java.compiler" type="simple" />
            <root url="jar:///C:/dev/Java/jdk-13.0.1/lib/src.zip!/java.net.http" type="simple" />
            <root url="jar:///C:/dev/Java/jdk-13.0.1/lib/src.zip!/jdk.crypto.ec" type="simple" />
            <root url="jar:///C:/dev/Java/jdk-13.0.1/lib/src.zip!/java.scripting" type="simple" />
            <root url="jar:///C:/dev/Java/jdk-13.0.1/lib/src.zip!/jdk.httpserver" type="simple" />
            <root url="jar:///C:/dev/Java/jdk-13.0.1/lib/src.zip!/jdk.jdwp.agent" type="simple" />
            <root url="jar:///C:/dev/Java/jdk-13.0.1/lib/src.zip!/jdk.localedata" type="simple" />
            <root url="jar:///C:/dev/Java/jdk-13.0.1/lib/src.zip!/jdk.management" type="simple" />
            <root url="jar:///C:/dev/Java/jdk-13.0.1/lib/src.zip!/jdk.naming.dns" type="simple" />
            <root url="jar:///C:/dev/Java/jdk-13.0.1/lib/src.zip!/jdk.naming.rmi" type="simple" />
            <root url="jar:///C:/dev/Java/jdk-13.0.1/lib/src.zip!/java.instrument" type="simple" />
            <root url="jar:///C:/dev/Java/jdk-13.0.1/lib/src.zip!/java.management" type="simple" />
            <root url="jar:///C:/dev/Java/jdk-13.0.1/lib/src.zip!/java.sql.rowset" type="simple" />
            <root url="jar:///C:/dev/Java/jdk-13.0.1/lib/src.zip!/java.xml.crypto" type="simple" />
            <root url="jar:///C:/dev/Java/jdk-13.0.1/lib/src.zip!/jdk.internal.ed" type="simple" />
            <root url="jar:///C:/dev/Java/jdk-13.0.1/lib/src.zip!/jdk.internal.le" type="simple" />
            <root url="jar:///C:/dev/Java/jdk-13.0.1/lib/src.zip!/jdk.unsupported" type="simple" />
            <root url="jar:///C:/dev/Java/jdk-13.0.1/lib/src.zip!/java.smartcardio" type="simple" />
            <root url="jar:///C:/dev/Java/jdk-13.0.1/lib/src.zip!/jdk.internal.opt" type="simple" />
            <root url="jar:///C:/dev/Java/jdk-13.0.1/lib/src.zip!/java.datatransfer" type="simple" />
            <root url="jar:///C:/dev/Java/jdk-13.0.1/lib/src.zip!/jdk.accessibility" type="simple" />
            <root url="jar:///C:/dev/Java/jdk-13.0.1/lib/src.zip!/jdk.crypto.mscapi" type="simple" />
            <root url="jar:///C:/dev/Java/jdk-13.0.1/lib/src.zip!/jdk.hotspot.agent" type="simple" />
            <root url="jar:///C:/dev/Java/jdk-13.0.1/lib/src.zip!/jdk.security.auth" type="simple" />
            <root url="jar:///C:/dev/Java/jdk-13.0.1/lib/src.zip!/jdk.security.jgss" type="simple" />
            <root url="jar:///C:/dev/Java/jdk-13.0.1/lib/src.zip!/java.security.jgss" type="simple" />
            <root url="jar:///C:/dev/Java/jdk-13.0.1/lib/src.zip!/java.security.sasl" type="simple" />
            <root url="jar:///C:/dev/Java/jdk-13.0.1/lib/src.zip!/jdk.internal.vm.ci" type="simple" />
            <root url="jar:///C:/dev/Java/jdk-13.0.1/lib/src.zip!/jdk.management.jfr" type="simple" />
            <root url="jar:///C:/dev/Java/jdk-13.0.1/lib/src.zip!/java.management.rmi" type="simple" />
            <root url="jar:///C:/dev/Java/jdk-13.0.1/lib/src.zip!/java.transaction.xa" type="simple" />
            <root url="jar:///C:/dev/Java/jdk-13.0.1/lib/src.zip!/jdk.crypto.cryptoki" type="simple" />
            <root url="jar:///C:/dev/Java/jdk-13.0.1/lib/src.zip!/jdk.internal.jvmstat" type="simple" />
            <root url="jar:///C:/dev/Java/jdk-13.0.1/lib/src.zip!/jdk.management.agent" type="simple" />
            <root url="jar:///C:/dev/Java/jdk-13.0.1/lib/src.zip!/jdk.scripting.nashorn" type="simple" />
            <root url="jar:///C:/dev/Java/jdk-13.0.1/lib/src.zip!/jdk.unsupported.desktop" type="simple" />
            <root url="jar:///C:/dev/Java/jdk-13.0.1/lib/src.zip!/jdk.internal.vm.compiler" type="simple" />
            <root url="jar:///C:/dev/Java/jdk-13.0.1/lib/src.zip!/jdk.scripting.nashorn.shell" type="simple" />
            <root url="jar:///C:/dev/Java/jdk-13.0.1/lib/src.zip!/jdk.internal.vm.compiler.management" type="simple" />
          </root>
        </sourcePath>
      </roots>
      <additional />
    </jdk>
    <jdk version="2">
      <name value="Python 3.9" />
      <type value="Python SDK" />
      <version value="Python 3.12.0" />
      <homePath value="/usr/local/bin/python3" />
      <roots>
        <classPath>
          <root type="composite">
            <root url="file:///Library/Frameworks/Python.framework/Versions/3.12/lib/python3.12" type="simple" />
            <root url="file:///Library/Frameworks/Python.framework/Versions/3.12/lib/python3.12/lib-dynload" type="simple" />
            <root url="file://$USER_HOME$/Library/Python/3.12/lib/Python/site-packages" type="simple" />
            <root url="file:///Library/Frameworks/Python.framework/Versions/3.12/lib/python3.12/site-packages" type="simple" />
            <root url="file://$USER_HOME$/Library/Caches/JetBrains/PyCharm2024.3/python_stubs/1437855905" type="simple" />
            <root url="file://$APPLICATION_HOME_DIR$/plugins/python-ce/helpers/python-skeletons" type="simple" />
            <root url="file://$APPLICATION_HOME_DIR$/plugins/python-ce/helpers/typeshed/stdlib" type="simple" />
            <root url="file://$APPLICATION_HOME_DIR$/plugins/python-ce/helpers/typeshed/stubs/gdb" type="simple" />
            <root url="file://$APPLICATION_HOME_DIR$/plugins/python-ce/helpers/typeshed/stubs/six" type="simple" />
            <root url="file://$APPLICATION_HOME_DIR$/plugins/python-ce/helpers/typeshed/stubs/boto" type="simple" />
            <root url="file://$APPLICATION_HOME_DIR$/plugins/python-ce/helpers/typeshed/stubs/cffi" type="simple" />
            <root url="file://$APPLICATION_HOME_DIR$/plugins/python-ce/helpers/typeshed/stubs/hvac" type="simple" />
            <root url="file://$APPLICATION_HOME_DIR$/plugins/python-ce/helpers/typeshed/stubs/mock" type="simple" />
            <root url="file://$APPLICATION_HOME_DIR$/plugins/python-ce/helpers/typeshed/stubs/pika" type="simple" />
            <root url="file://$APPLICATION_HOME_DIR$/plugins/python-ce/helpers/typeshed/stubs/pytz" type="simple" />
            <root url="file://$APPLICATION_HOME_DIR$/plugins/python-ce/helpers/typeshed/stubs/toml" type="simple" />
            <root url="file://$APPLICATION_HOME_DIR$/plugins/python-ce/helpers/typeshed/stubs/tqdm" type="simple" />
            <root url="file://$APPLICATION_HOME_DIR$/plugins/python-ce/helpers/typeshed/stubs/zstd" type="simple" />
            <root url="file://$APPLICATION_HOME_DIR$/plugins/python-ce/helpers/typeshed/stubs/first" type="simple" />
            <root url="file://$APPLICATION_HOME_DIR$/plugins/python-ce/helpers/typeshed/stubs/fpdf2" type="simple" />
            <root url="file://$APPLICATION_HOME_DIR$/plugins/python-ce/helpers/typeshed/stubs/ldap3" type="simple" />
            <root url="file://$APPLICATION_HOME_DIR$/plugins/python-ce/helpers/typeshed/stubs/polib" type="simple" />
            <root url="file://$APPLICATION_HOME_DIR$/plugins/python-ce/helpers/typeshed/stubs/pyjks" type="simple" />
            <root url="file://$APPLICATION_HOME_DIR$/plugins/python-ce/helpers/typeshed/stubs/pyxdg" type="simple" />
            <root url="file://$APPLICATION_HOME_DIR$/plugins/python-ce/helpers/typeshed/stubs/redis" type="simple" />
            <root url="file://$APPLICATION_HOME_DIR$/plugins/python-ce/helpers/typeshed/stubs/regex" type="simple" />
            <root url="file://$APPLICATION_HOME_DIR$/plugins/python-ce/helpers/typeshed/stubs/retry" type="simple" />
            <root url="file://$APPLICATION_HOME_DIR$/plugins/python-ce/helpers/typeshed/stubs/ujson" type="simple" />
            <root url="file://$APPLICATION_HOME_DIR$/plugins/python-ce/helpers/typeshed/stubs/uWSGI" type="simple" />
            <root url="file://$APPLICATION_HOME_DIR$/plugins/python-ce/helpers/typeshed/stubs/WebOb" type="simple" />
            <root url="file://$APPLICATION_HOME_DIR$/plugins/python-ce/helpers/typeshed/stubs/bleach" type="simple" />
            <root url="file://$APPLICATION_HOME_DIR$/plugins/python-ce/helpers/typeshed/stubs/caldav" type="simple" />
            <root url="file://$APPLICATION_HOME_DIR$/plugins/python-ce/helpers/typeshed/stubs/docker" type="simple" />
            <root url="file://$APPLICATION_HOME_DIR$/plugins/python-ce/helpers/typeshed/stubs/docopt" type="simple" />
            <root url="file://$APPLICATION_HOME_DIR$/plugins/python-ce/helpers/typeshed/stubs/flake8" type="simple" />
            <root url="file://$APPLICATION_HOME_DIR$/plugins/python-ce/helpers/typeshed/stubs/gevent" type="simple" />
            <root url="file://$APPLICATION_HOME_DIR$/plugins/python-ce/helpers/typeshed/stubs/hdbcli" type="simple" />
            <root url="file://$APPLICATION_HOME_DIR$/plugins/python-ce/helpers/typeshed/stubs/ibm-db" type="simple" />
            <root url="file://$APPLICATION_HOME_DIR$/plugins/python-ce/helpers/typeshed/stubs/nanoid" type="simple" />
            <root url="file://$APPLICATION_HOME_DIR$/plugins/python-ce/helpers/typeshed/stubs/passpy" type="simple" />
            <root url="file://$APPLICATION_HOME_DIR$/plugins/python-ce/helpers/typeshed/stubs/peewee" type="simple" />
            <root url="file://$APPLICATION_HOME_DIR$/plugins/python-ce/helpers/typeshed/stubs/Pillow" type="simple" />
            <root url="file://$APPLICATION_HOME_DIR$/plugins/python-ce/helpers/typeshed/stubs/psutil" type="simple" />
            <root url="file://$APPLICATION_HOME_DIR$/plugins/python-ce/helpers/typeshed/stubs/pyasn1" type="simple" />
            <root url="file://$APPLICATION_HOME_DIR$/plugins/python-ce/helpers/typeshed/stubs/pycurl" type="simple" />
            <root url="file://$APPLICATION_HOME_DIR$/plugins/python-ce/helpers/typeshed/stubs/pygit2" type="simple" />
            <root url="file://$APPLICATION_HOME_DIR$/plugins/python-ce/helpers/typeshed/stubs/pynput" type="simple" />
            <root url="file://$APPLICATION_HOME_DIR$/plugins/python-ce/helpers/typeshed/stubs/pysftp" type="simple" />
            <root url="file://$APPLICATION_HOME_DIR$/plugins/python-ce/helpers/typeshed/stubs/PyYAML" type="simple" />
            <root url="file://$APPLICATION_HOME_DIR$/plugins/python-ce/helpers/typeshed/stubs/qrbill" type="simple" />
            <root url="file://$APPLICATION_HOME_DIR$/plugins/python-ce/helpers/typeshed/stubs/qrcode" type="simple" />
            <root url="file://$APPLICATION_HOME_DIR$/plugins/python-ce/helpers/typeshed/stubs/zxcvbn" type="simple" />
            <root url="file://$APPLICATION_HOME_DIR$/plugins/python-ce/helpers/typeshed/stubs/boltons" type="simple" />
            <root url="file://$APPLICATION_HOME_DIR$/plugins/python-ce/helpers/typeshed/stubs/chevron" type="simple" />
            <root url="file://$APPLICATION_HOME_DIR$/plugins/python-ce/helpers/typeshed/stubs/inifile" type="simple" />
            <root url="file://$APPLICATION_HOME_DIR$/plugins/python-ce/helpers/typeshed/stubs/libsass" type="simple" />
            <root url="file://$APPLICATION_HOME_DIR$/plugins/python-ce/helpers/typeshed/stubs/netaddr" type="simple" />
            <root url="file://$APPLICATION_HOME_DIR$/plugins/python-ce/helpers/typeshed/stubs/olefile" type="simple" />
            <root url="file://$APPLICATION_HOME_DIR$/plugins/python-ce/helpers/typeshed/stubs/passlib" type="simple" />
            <root url="file://$APPLICATION_HOME_DIR$/plugins/python-ce/helpers/typeshed/stubs/pexpect" type="simple" />
            <root url="file://$APPLICATION_HOME_DIR$/plugins/python-ce/helpers/typeshed/stubs/pyaudio" type="simple" />
            <root url="file://$APPLICATION_HOME_DIR$/plugins/python-ce/helpers/typeshed/stubs/PyMySQL" type="simple" />
            <root url="file://$APPLICATION_HOME_DIR$/plugins/python-ce/helpers/typeshed/stubs/pywin32" type="simple" />
            <root url="file://$APPLICATION_HOME_DIR$/plugins/python-ce/helpers/typeshed/stubs/seaborn" type="simple" />
            <root url="file://$APPLICATION_HOME_DIR$/plugins/python-ce/helpers/typeshed/stubs/shapely" type="simple" />
            <root url="file://$APPLICATION_HOME_DIR$/plugins/python-ce/helpers/typeshed/stubs/slumber" type="simple" />
            <root url="file://$APPLICATION_HOME_DIR$/plugins/python-ce/helpers/typeshed/stubs/unidiff" type="simple" />
            <root url="file://$APPLICATION_HOME_DIR$/plugins/python-ce/helpers/typeshed/stubs/vobject" type="simple" />
            <root url="file://$APPLICATION_HOME_DIR$/plugins/python-ce/helpers/typeshed/stubs/WTForms" type="simple" />
            <root url="file://$APPLICATION_HOME_DIR$/plugins/python-ce/helpers/typeshed/stubs/aiofiles" type="simple" />
            <root url="file://$APPLICATION_HOME_DIR$/plugins/python-ce/helpers/typeshed/stubs/assertpy" type="simple" />
            <root url="file://$APPLICATION_HOME_DIR$/plugins/python-ce/helpers/typeshed/stubs/capturer" type="simple" />
            <root url="file://$APPLICATION_HOME_DIR$/plugins/python-ce/helpers/typeshed/stubs/colorama" type="simple" />
            <root url="file://$APPLICATION_HOME_DIR$/plugins/python-ce/helpers/typeshed/stubs/croniter" type="simple" />
            <root url="file://$APPLICATION_HOME_DIR$/plugins/python-ce/helpers/typeshed/stubs/docutils" type="simple" />
            <root url="file://$APPLICATION_HOME_DIR$/plugins/python-ce/helpers/typeshed/stubs/ExifRead" type="simple" />
            <root url="file://$APPLICATION_HOME_DIR$/plugins/python-ce/helpers/typeshed/stubs/greenlet" type="simple" />
            <root url="file://$APPLICATION_HOME_DIR$/plugins/python-ce/helpers/typeshed/stubs/html5lib" type="simple" />
            <root url="file://$APPLICATION_HOME_DIR$/plugins/python-ce/helpers/typeshed/stubs/httplib2" type="simple" />
            <root url="file://$APPLICATION_HOME_DIR$/plugins/python-ce/helpers/typeshed/stubs/jmespath" type="simple" />
            <root url="file://$APPLICATION_HOME_DIR$/plugins/python-ce/helpers/typeshed/stubs/keyboard" type="simple" />
            <root url="file://$APPLICATION_HOME_DIR$/plugins/python-ce/helpers/typeshed/stubs/lzstring" type="simple" />
            <root url="file://$APPLICATION_HOME_DIR$/plugins/python-ce/helpers/typeshed/stubs/Markdown" type="simple" />
            <root url="file://$APPLICATION_HOME_DIR$/plugins/python-ce/helpers/typeshed/stubs/networkx" type="simple" />
            <root url="file://$APPLICATION_HOME_DIR$/plugins/python-ce/helpers/typeshed/stubs/oauthlib" type="simple" />
            <root url="file://$APPLICATION_HOME_DIR$/plugins/python-ce/helpers/typeshed/stubs/openpyxl" type="simple" />
            <root url="file://$APPLICATION_HOME_DIR$/plugins/python-ce/helpers/typeshed/stubs/paramiko" type="simple" />
            <root url="file://$APPLICATION_HOME_DIR$/plugins/python-ce/helpers/typeshed/stubs/psycopg2" type="simple" />
            <root url="file://$APPLICATION_HOME_DIR$/plugins/python-ce/helpers/typeshed/stubs/pyflakes" type="simple" />
            <root url="file://$APPLICATION_HOME_DIR$/plugins/python-ce/helpers/typeshed/stubs/Pygments" type="simple" />
            <root url="file://$APPLICATION_HOME_DIR$/plugins/python-ce/helpers/typeshed/stubs/pyserial" type="simple" />
            <root url="file://$APPLICATION_HOME_DIR$/plugins/python-ce/helpers/typeshed/stubs/requests" type="simple" />
            <root url="file://$APPLICATION_HOME_DIR$/plugins/python-ce/helpers/typeshed/stubs/RPi.GPIO" type="simple" />
            <root url="file://$APPLICATION_HOME_DIR$/plugins/python-ce/helpers/typeshed/stubs/str2bool" type="simple" />
            <root url="file://$APPLICATION_HOME_DIR$/plugins/python-ce/helpers/typeshed/stubs/tabulate" type="simple" />
            <root url="file://$APPLICATION_HOME_DIR$/plugins/python-ce/helpers/typeshed/stubs/toposort" type="simple" />
            <root url="file://$APPLICATION_HOME_DIR$/plugins/python-ce/helpers/typeshed/stubs/untangle" type="simple" />
            <root url="file://$APPLICATION_HOME_DIR$/plugins/python-ce/helpers/typeshed/stubs/waitress" type="simple" />
            <root url="file://$APPLICATION_HOME_DIR$/plugins/python-ce/helpers/typeshed/stubs/braintree" type="simple" />
            <root url="file://$APPLICATION_HOME_DIR$/plugins/python-ce/helpers/typeshed/stubs/decorator" type="simple" />
            <root url="file://$APPLICATION_HOME_DIR$/plugins/python-ce/helpers/typeshed/stubs/fanstatic" type="simple" />
            <root url="file://$APPLICATION_HOME_DIR$/plugins/python-ce/helpers/typeshed/stubs/icalendar" type="simple" />
            <root url="file://$APPLICATION_HOME_DIR$/plugins/python-ce/helpers/typeshed/stubs/paho-mqtt" type="simple" />
            <root url="file://$APPLICATION_HOME_DIR$/plugins/python-ce/helpers/typeshed/stubs/playsound" type="simple" />
            <root url="file://$APPLICATION_HOME_DIR$/plugins/python-ce/helpers/typeshed/stubs/PyAutoGUI" type="simple" />
            <root url="file://$APPLICATION_HOME_DIR$/plugins/python-ce/helpers/typeshed/stubs/pyOpenSSL" type="simple" />
            <root url="file://$APPLICATION_HOME_DIR$/plugins/python-ce/helpers/typeshed/stubs/pyRFC3339" type="simple" />
            <root url="file://$APPLICATION_HOME_DIR$/plugins/python-ce/helpers/typeshed/stubs/PyScreeze" type="simple" />
            <root url="file://$APPLICATION_HOME_DIR$/plugins/python-ce/helpers/typeshed/stubs/reportlab" type="simple" />
            <root url="file://$APPLICATION_HOME_DIR$/plugins/python-ce/helpers/typeshed/stubs/ttkthemes" type="simple" />
            <root url="file://$APPLICATION_HOME_DIR$/plugins/python-ce/helpers/typeshed/stubs/wurlitzer" type="simple" />
            <root url="file://$APPLICATION_HOME_DIR$/plugins/python-ce/helpers/typeshed/stubs/xmltodict" type="simple" />
            <root url="file://$APPLICATION_HOME_DIR$/plugins/python-ce/helpers/typeshed/stubs/cachetools" type="simple" />
            <root url="file://$APPLICATION_HOME_DIR$/plugins/python-ce/helpers/typeshed/stubs/commonmark" type="simple" />
            <root url="file://$APPLICATION_HOME_DIR$/plugins/python-ce/helpers/typeshed/stubs/dateparser" type="simple" />
            <root url="file://$APPLICATION_HOME_DIR$/plugins/python-ce/helpers/typeshed/stubs/defusedxml" type="simple" />
            <root url="file://$APPLICATION_HOME_DIR$/plugins/python-ce/helpers/typeshed/stubs/Deprecated" type="simple" />
            <root url="file://$APPLICATION_HOME_DIR$/plugins/python-ce/helpers/typeshed/stubs/Flask-Cors" type="simple" />
            <root url="file://$APPLICATION_HOME_DIR$/plugins/python-ce/helpers/typeshed/stubs/jsonschema" type="simple" />
            <root url="file://$APPLICATION_HOME_DIR$/plugins/python-ce/helpers/typeshed/stubs/portpicker" type="simple" />
            <root url="file://$APPLICATION_HOME_DIR$/plugins/python-ce/helpers/typeshed/stubs/pyfarmhash" type="simple" />
            <root url="file://$APPLICATION_HOME_DIR$/plugins/python-ce/helpers/typeshed/stubs/Send2Trash" type="simple" />
            <root url="file://$APPLICATION_HOME_DIR$/plugins/python-ce/helpers/typeshed/stubs/setuptools" type="simple" />
            <root url="file://$APPLICATION_HOME_DIR$/plugins/python-ce/helpers/typeshed/stubs/simplejson" type="simple" />
            <root url="file://$APPLICATION_HOME_DIR$/plugins/python-ce/helpers/typeshed/stubs/SQLAlchemy" type="simple" />
            <root url="file://$APPLICATION_HOME_DIR$/plugins/python-ce/helpers/typeshed/stubs/tensorflow" type="simple" />
            <root url="file://$APPLICATION_HOME_DIR$/plugins/python-ce/helpers/typeshed/stubs/entrypoints" type="simple" />
            <root url="file://$APPLICATION_HOME_DIR$/plugins/python-ce/helpers/typeshed/stubs/flake8-2020" type="simple" />
            <root url="file://$APPLICATION_HOME_DIR$/plugins/python-ce/helpers/typeshed/stubs/JACK-Client" type="simple" />
            <root url="file://$APPLICATION_HOME_DIR$/plugins/python-ce/helpers/typeshed/stubs/mysqlclient" type="simple" />
            <root url="file://$APPLICATION_HOME_DIR$/plugins/python-ce/helpers/typeshed/stubs/opentracing" type="simple" />
            <root url="file://$APPLICATION_HOME_DIR$/plugins/python-ce/helpers/typeshed/stubs/pep8-naming" type="simple" />
            <root url="file://$APPLICATION_HOME_DIR$/plugins/python-ce/helpers/typeshed/stubs/pycocotools" type="simple" />
            <root url="file://$APPLICATION_HOME_DIR$/plugins/python-ce/helpers/typeshed/stubs/pyinstaller" type="simple" />
            <root url="file://$APPLICATION_HOME_DIR$/plugins/python-ce/helpers/typeshed/stubs/python-jose" type="simple" />
            <root url="file://$APPLICATION_HOME_DIR$/plugins/python-ce/helpers/typeshed/stubs/python-nmap" type="simple" />
            <root url="file://$APPLICATION_HOME_DIR$/plugins/python-ce/helpers/typeshed/stubs/python-xlib" type="simple" />
            <root url="file://$APPLICATION_HOME_DIR$/plugins/python-ce/helpers/typeshed/stubs/workalendar" type="simple" />
            <root url="file://$APPLICATION_HOME_DIR$/plugins/python-ce/helpers/typeshed/stubs/aws-xray-sdk" type="simple" />
            <root url="file://$APPLICATION_HOME_DIR$/plugins/python-ce/helpers/typeshed/stubs/console-menu" type="simple" />
            <root url="file://$APPLICATION_HOME_DIR$/plugins/python-ce/helpers/typeshed/stubs/editdistance" type="simple" />
            <root url="file://$APPLICATION_HOME_DIR$/plugins/python-ce/helpers/typeshed/stubs/parsimonious" type="simple" />
            <root url="file://$APPLICATION_HOME_DIR$/plugins/python-ce/helpers/typeshed/stubs/usersettings" type="simple" />
            <root url="file://$APPLICATION_HOME_DIR$/plugins/python-ce/helpers/typeshed/stubs/whatthepatch" type="simple" />
            <root url="file://$APPLICATION_HOME_DIR$/plugins/python-ce/helpers/typeshed/stubs/click-spinner" type="simple" />
            <root url="file://$APPLICATION_HOME_DIR$/plugins/python-ce/helpers/typeshed/stubs/Flask-Migrate" type="simple" />
            <root url="file://$APPLICATION_HOME_DIR$/plugins/python-ce/helpers/typeshed/stubs/humanfriendly" type="simple" />
            <root url="file://$APPLICATION_HOME_DIR$/plugins/python-ce/helpers/typeshed/stubs/python-gflags" type="simple" />
            <root url="file://$APPLICATION_HOME_DIR$/plugins/python-ce/helpers/typeshed/stubs/beautifulsoup4" type="simple" />
            <root url="file://$APPLICATION_HOME_DIR$/plugins/python-ce/helpers/typeshed/stubs/flake8-bugbear" type="simple" />
            <root url="file://$APPLICATION_HOME_DIR$/plugins/python-ce/helpers/typeshed/stubs/Flask-SocketIO" type="simple" />
            <root url="file://$APPLICATION_HOME_DIR$/plugins/python-ce/helpers/typeshed/stubs/python-crontab" type="simple" />
            <root url="file://$APPLICATION_HOME_DIR$/plugins/python-ce/helpers/typeshed/stubs/python-slugify" type="simple" />
            <root url="file://$APPLICATION_HOME_DIR$/plugins/python-ce/helpers/typeshed/stubs/singledispatch" type="simple" />
            <root url="file://$APPLICATION_HOME_DIR$/plugins/python-ce/helpers/typeshed/stubs/flake8-builtins" type="simple" />
            <root url="file://$APPLICATION_HOME_DIR$/plugins/python-ce/helpers/typeshed/stubs/flake8-simplify" type="simple" />
            <root url="file://$APPLICATION_HOME_DIR$/plugins/python-ce/helpers/typeshed/stubs/influxdb-client" type="simple" />
            <root url="file://$APPLICATION_HOME_DIR$/plugins/python-ce/helpers/typeshed/stubs/mypy-extensions" type="simple" />
            <root url="file://$APPLICATION_HOME_DIR$/plugins/python-ce/helpers/typeshed/stubs/python-datemath" type="simple" />
            <root url="file://$APPLICATION_HOME_DIR$/plugins/python-ce/helpers/typeshed/stubs/python-dateutil" type="simple" />
            <root url="file://$APPLICATION_HOME_DIR$/plugins/python-ce/helpers/typeshed/stubs/dockerfile-parse" type="simple" />
            <root url="file://$APPLICATION_HOME_DIR$/plugins/python-ce/helpers/typeshed/stubs/Flask-SQLAlchemy" type="simple" />
            <root url="file://$APPLICATION_HOME_DIR$/plugins/python-ce/helpers/typeshed/stubs/s2clientprotocol" type="simple" />
            <root url="file://$APPLICATION_HOME_DIR$/plugins/python-ce/helpers/typeshed/stubs/flake8-docstrings" type="simple" />
            <root url="file://$APPLICATION_HOME_DIR$/plugins/python-ce/helpers/typeshed/stubs/requests-oauthlib" type="simple" />
            <root url="file://$APPLICATION_HOME_DIR$/plugins/python-ce/helpers/typeshed/stubs/translationstring" type="simple" />
            <root url="file://$APPLICATION_HOME_DIR$/plugins/python-ce/helpers/typeshed/stubs/click-default-group" type="simple" />
            <root url="file://$APPLICATION_HOME_DIR$/plugins/python-ce/helpers/typeshed/stubs/pytest-lazy-fixture" type="simple" />
            <root url="file://$APPLICATION_HOME_DIR$/plugins/python-ce/helpers/typeshed/stubs/flake8-rst-docstrings" type="simple" />
            <root url="file://$APPLICATION_HOME_DIR$/plugins/python-ce/helpers/typeshed/stubs/flake8-typing-imports" type="simple" />
            <root url="file://$APPLICATION_HOME_DIR$/plugins/python-ce/helpers/typeshed/stubs/tree-sitter-languages" type="simple" />
            <root url="file://$APPLICATION_HOME_DIR$/plugins/python-ce/helpers/typeshed/stubs/antlr4-python3-runtime" type="simple" />
            <root url="file://$APPLICATION_HOME_DIR$/plugins/Python/helpers-pro/bundled_stubs" type="simple" />
          </root>
        </classPath>
        <sourcePath>
          <root type="composite" />
        </sourcePath>
      </roots>
      <additional SDK_UUID="8a4508df-8ac5-4ce5-9e45-56c6592c9c0a">
        <setting name="FLAVOR_ID" value="UnknownFlavor" />
        <setting name="FLAVOR_DATA" value="{}" />
      </additional>
    </jdk>
    <jdk version="2">
      <name value="Python 3.9 (python-practise)" />
      <type value="Python SDK" />
      <version value="Python 3.9.1" />
      <homePath value="$USER_HOME$/Documents/workspaces/PyCharm_workspace/python-practise/venv/bin/Python" />
      <roots>
        <classPath>
          <root type="composite">
            <root url="file:///Library/Frameworks/Python.framework/Versions/3.9/lib/python3.9" type="simple" />
            <root url="file:///Library/Frameworks/Python.framework/Versions/3.9/lib/python3.9/lib-dynload" type="simple" />
            <root url="file://$USER_HOME$/Documents/workspaces/PyCharm_workspace/python-practise/venv/lib/python3.9/site-packages" type="simple" />
            <root url="file://$USER_HOME$/Library/Caches/JetBrains/PyCharm2021.1/python_stubs/921830648" type="simple" />
            <root url="file://$APPLICATION_HOME_DIR$/plugins/Python/helpers/python-skeletons" type="simple" />
            <root url="file://$APPLICATION_HOME_DIR$/plugins/Python/helpers/typeshed/stdlib" type="simple" />
            <root url="file://$APPLICATION_HOME_DIR$/plugins/Python/helpers/typeshed/stubs/jwt" type="simple" />
            <root url="file://$APPLICATION_HOME_DIR$/plugins/Python/helpers/typeshed/stubs/six" type="simple" />
            <root url="file://$APPLICATION_HOME_DIR$/plugins/Python/helpers/typeshed/stubs/mock" type="simple" />
            <root url="file://$APPLICATION_HOME_DIR$/plugins/Python/helpers/typeshed/stubs/nmap" type="simple" />
            <root url="file://$APPLICATION_HOME_DIR$/plugins/Python/helpers/typeshed/stubs/attrs" type="simple" />
            <root url="file://$APPLICATION_HOME_DIR$/plugins/Python/helpers/typeshed/stubs/polib" type="simple" />
            <root url="file://$APPLICATION_HOME_DIR$/plugins/Python/helpers/typeshed/stubs/retry" type="simple" />
            <root url="file://$APPLICATION_HOME_DIR$/plugins/Python/helpers/typeshed/stubs/enum34" type="simple" />
            <root url="file://$APPLICATION_HOME_DIR$/plugins/Python/helpers/typeshed/stubs/orjson" type="simple" />
            <root url="file://$APPLICATION_HOME_DIR$/plugins/Python/helpers/typeshed/stubs/xxhash" type="simple" />
            <root url="file://$APPLICATION_HOME_DIR$/plugins/Python/helpers/typeshed/stubs/chardet" type="simple" />
            <root url="file://$APPLICATION_HOME_DIR$/plugins/Python/helpers/typeshed/stubs/futures" type="simple" />
            <root url="file://$APPLICATION_HOME_DIR$/plugins/Python/helpers/typeshed/stubs/tzlocal" type="simple" />
            <root url="file://$APPLICATION_HOME_DIR$/plugins/Python/helpers/typeshed/stubs/aiofiles" type="simple" />
            <root url="file://$APPLICATION_HOME_DIR$/plugins/Python/helpers/typeshed/stubs/filelock" type="simple" />
            <root url="file://$APPLICATION_HOME_DIR$/plugins/Python/helpers/typeshed/stubs/Markdown" type="simple" />
            <root url="file://$APPLICATION_HOME_DIR$/plugins/Python/helpers/typeshed/stubs/paramiko" type="simple" />
            <root url="file://$APPLICATION_HOME_DIR$/plugins/Python/helpers/typeshed/stubs/pathlib2" type="simple" />
            <root url="file://$APPLICATION_HOME_DIR$/plugins/Python/helpers/typeshed/stubs/requests" type="simple" />
            <root url="file://$APPLICATION_HOME_DIR$/plugins/Python/helpers/typeshed/stubs/waitress" type="simple" />
            <root url="file://$APPLICATION_HOME_DIR$/plugins/Python/helpers/typeshed/stubs/Werkzeug" type="simple" />
            <root url="file://$APPLICATION_HOME_DIR$/plugins/Python/helpers/typeshed/stubs/freezegun" type="simple" />
            <root url="file://$APPLICATION_HOME_DIR$/plugins/Python/helpers/typeshed/stubs/ipaddress" type="simple" />
            <root url="file://$APPLICATION_HOME_DIR$/plugins/Python/helpers/typeshed/stubs/pyRFC3339" type="simple" />
            <root url="file://$APPLICATION_HOME_DIR$/plugins/Python/helpers/typeshed/stubs/typed-ast" type="simple" />
            <root url="file://$APPLICATION_HOME_DIR$/plugins/Python/helpers/typeshed/stubs/cachetools" type="simple" />
            <root url="file://$APPLICATION_HOME_DIR$/plugins/Python/helpers/typeshed/stubs/Deprecated" type="simple" />
            <root url="file://$APPLICATION_HOME_DIR$/plugins/Python/helpers/typeshed/stubs/frozendict" type="simple" />
            <root url="file://$APPLICATION_HOME_DIR$/plugins/Python/helpers/typeshed/stubs/contextvars" type="simple" />
            <root url="file://$APPLICATION_HOME_DIR$/plugins/Python/helpers/typeshed/stubs/JACK-Client" type="simple" />
            <root url="file://$APPLICATION_HOME_DIR$/plugins/Python/helpers/typeshed/stubs/atomicwrites" type="simple" />
            <root url="file://$APPLICATION_HOME_DIR$/plugins/Python/helpers/typeshed/stubs/cryptography" type="simple" />
            <root url="file://$APPLICATION_HOME_DIR$/plugins/Python/helpers/typeshed/stubs/click-spinner" type="simple" />
            <root url="file://$APPLICATION_HOME_DIR$/plugins/Python/helpers/typeshed/stubs/DateTimeRange" type="simple" />
            <root url="file://$APPLICATION_HOME_DIR$/plugins/Python/helpers/typeshed/stubs/pkg_resources" type="simple" />
            <root url="file://$APPLICATION_HOME_DIR$/plugins/Python/helpers/typeshed/stubs/python-gflags" type="simple" />
            <root url="file://$APPLICATION_HOME_DIR$/plugins/Python/helpers/typeshed/stubs/python-slugify" type="simple" />
            <root url="file://$APPLICATION_HOME_DIR$/plugins/Python/helpers/typeshed/stubs/python-dateutil" type="simple" />
            <root url="file://$APPLICATION_HOME_DIR$/plugins/Python/helpers/typeshed/stubs/typing-extensions" type="simple" />
          </root>
        </classPath>
        <sourcePath>
          <root type="composite" />
        </sourcePath>
      </roots>
      <additional ASSOCIATED_PROJECT_PATH="$USER_HOME$/Documents/workspaces/PyCharm_workspace/python-practise" SDK_UUID="eb7b14e6-6c2a-43db-b68e-083f17679101">
        <setting name="FLAVOR_ID" value="UnknownFlavor" />
        <setting name="FLAVOR_DATA" value="{}" />
      </additional>
    </jdk>
  </component>
</application>