<application>
  <component name="DimensionService">
    <location key="find.popup.0.0.1920.1200" x="503" y="184" />
    <size key="GridCell.Tab.0.left.0.0.2560.1440" width="2478" height="433" />
    <size key="GridCell.Tab.0.center.0.0.2560.1440" width="2478" height="433" />
    <size key="GridCell.Tab.0.right.0.0.2560.1440" width="2478" height="433" />
    <size key="GridCell.Tab.0.bottom.0.0.2560.1440" width="2478" height="433" />
    <size key="GridCell.Tab.0.left.0.0.1920.1200" width="1838" height="354" />
    <size key="GridCell.Tab.0.center.0.0.1920.1200" width="1838" height="354" />
    <size key="GridCell.Tab.0.right.0.0.1920.1200" width="1838" height="354" />
    <size key="GridCell.Tab.0.bottom.0.0.1920.1200" width="1838" height="354" />
    <size key="find.popup.0.0.1920.1200" width="1076" height="854" />
    <size key="GridCell.Tab.0.left.0.0.3584.2240@192dpi" width="3420" height="654" />
    <size key="GridCell.Tab.0.center.0.0.3584.2240@192dpi" width="3420" height="654" />
    <size key="GridCell.Tab.0.right.0.0.3584.2240@192dpi" width="3420" height="654" />
    <size key="GridCell.Tab.0.bottom.0.0.3584.2240@192dpi" width="3420" height="654" />
  </component>
  <component name="WindowManager">
    <frame x="0" y="0" width="1920" height="1200" fullScreen="true" />
  </component>
</application>