<application>
  <component name="SonarLintGlobalSettings">
    <rules>
      <Rule active="false" key="java:S120" />
      <Rule active="false" key="java:S101" />
      <Rule active="false" key="java:S2095" />
      <Rule active="false" key="java:S1220" />
      <Rule active="false" key="java:S1186" />
      <Rule active="false" key="java:S1075" />
      <Rule active="false" key="java:S1481" />
      <Rule active="false" key="java:S117" />
      <Rule active="false" key="java:S106" />
      <Rule active="false" key="java:S3740" />
      <Rule active="false" key="java:S125" />
      <Rule active="false" key="java:S3776" />
      <Rule active="false" key="java:S1854" />
    </rules>
  </component>
</application>