<keymap version="1" name="Eclipse (macOS) copy" parent="Eclipse (Mac OS X)">
  <action id="CallHierarchy">
    <keyboard-shortcut first-keystroke="ctrl meta j" />
  </action>
  <action id="CodeCompletion">
    <keyboard-shortcut first-keystroke="alt slash" />
  </action>
  <action id="CollapseAllRegions">
    <keyboard-shortcut first-keystroke="shift meta divide" />
    <keyboard-shortcut first-keystroke="shift meta alt minus" />
  </action>
  <action id="EditorDownWithSelection">
    <keyboard-shortcut first-keystroke="shift down" />
    <keyboard-shortcut first-keystroke="shift alt down" />
  </action>
  <action id="EditorDuplicate">
    <keyboard-shortcut first-keystroke="meta alt down" />
  </action>
  <action id="EditorUpWithSelection">
    <keyboard-shortcut first-keystroke="shift up" />
    <keyboard-shortcut first-keystroke="shift alt up" />
  </action>
  <action id="ExpandAllRegions">
    <keyboard-shortcut first-keystroke="meta multiply" />
    <keyboard-shortcut first-keystroke="shift meta alt equals" />
  </action>
  <action id="FindInPath">
    <keyboard-shortcut first-keystroke="shift meta j" />
  </action>
  <action id="GotoDeclaration">
    <keyboard-shortcut first-keystroke="f3" />
    <mouse-shortcut keystroke="meta button1" />
  </action>
  <action id="GotoImplementation">
    <keyboard-shortcut first-keystroke="meta t" />
  </action>
  <action id="MoveStatementDown">
    <keyboard-shortcut first-keystroke="meta down" />
  </action>
  <action id="MoveStatementUp">
    <keyboard-shortcut first-keystroke="meta up" />
  </action>
  <action id="Replace">
    <keyboard-shortcut first-keystroke="meta f" />
  </action>
  <action id="SmartTypeCompletion">
    <keyboard-shortcut first-keystroke="shift alt slash" />
  </action>
</keymap>