<application>
  <component name="ProjectJdkTable">
    <jdk version="2">
      <name value="Python 3.7 (py3_env_01)" />
      <type value="Python SDK" />
      <version value="Python 3.7.0" />
      <homePath value="D:/Python_Virtual_env/py3_env_01/Scripts/python.exe" />
      <roots>
        <classPath>
          <root type="composite">
            <root url="file://D:/Python_Virtual_env/py3_env_01/Lib" type="simple" />
            <root url="file://D:/Python_Virtual_env/py3_env_01/Scripts" type="simple" />
            <root url="file://C:/Python/Python37/Lib" type="simple" />
            <root url="file://C:/Python/Python37/DLLs" type="simple" />
            <root url="file://D:/Python_Virtual_env/py3_env_01" type="simple" />
            <root url="file://D:/Python_Virtual_env/py3_env_01/Lib/site-packages" type="simple" />
            <root url="file://$USER_HOME$/.PyCharm2018.2/system/python_stubs/-1535438642" type="simple" />
            <root url="file://$APPLICATION_HOME_DIR$/helpers/python-skeletons" type="simple" />
            <root url="file://$APPLICATION_HOME_DIR$/helpers/typeshed/stdlib/3.4" type="simple" />
            <root url="file://$APPLICATION_HOME_DIR$/helpers/typeshed/stdlib/3" type="simple" />
            <root url="file://$APPLICATION_HOME_DIR$/helpers/typeshed/stdlib/2and3" type="simple" />
            <root url="file://$APPLICATION_HOME_DIR$/helpers/typeshed/third_party/3" type="simple" />
            <root url="file://$APPLICATION_HOME_DIR$/helpers/typeshed/third_party/2and3" type="simple" />
          </root>
        </classPath>
        <sourcePath>
          <root type="composite" />
        </sourcePath>
      </roots>
      <additional />
    </jdk>
    <jdk version="2">
      <name value="Python 3.7" />
      <type value="Python SDK" />
      <version value="Python 3.7.0" />
      <homePath value="C:/Python/Python37/python3.exe" />
      <roots>
        <classPath>
          <root type="composite">
            <root url="file://C:/Python/Python37/DLLs" type="simple" />
            <root url="file://C:/Python/Python37/Lib" type="simple" />
            <root url="file://C:/Python/Python37" type="simple" />
            <root url="file://C:/Python/Python37/Lib/site-packages" type="simple" />
            <root url="file://$USER_HOME$/.PyCharm2018.2/system/python_stubs/1152053447" type="simple" />
            <root url="file://$APPLICATION_HOME_DIR$/helpers/python-skeletons" type="simple" />
            <root url="file://$APPLICATION_HOME_DIR$/helpers/typeshed/stdlib/3.4" type="simple" />
            <root url="file://$APPLICATION_HOME_DIR$/helpers/typeshed/stdlib/3" type="simple" />
            <root url="file://$APPLICATION_HOME_DIR$/helpers/typeshed/stdlib/2and3" type="simple" />
            <root url="file://$APPLICATION_HOME_DIR$/helpers/typeshed/third_party/3" type="simple" />
            <root url="file://$APPLICATION_HOME_DIR$/helpers/typeshed/third_party/2and3" type="simple" />
          </root>
        </classPath>
        <sourcePath>
          <root type="composite" />
        </sourcePath>
      </roots>
      <additional />
    </jdk>
    <jdk version="2">
      <name value="Python 3.7 (py3_env_02)" />
      <type value="Python SDK" />
      <version value="Python 3.7.0" />
      <homePath value="D:/Python_Virtual_env/py3_env_02/Scripts/python.exe" />
      <roots>
        <classPath>
          <root type="composite">
            <root url="file://D:/Python_Virtual_env/py3_env_02/Lib" type="simple" />
            <root url="file://D:/Python_Virtual_env/py3_env_02/Scripts" type="simple" />
            <root url="file://C:/Python/Python37/Lib" type="simple" />
            <root url="file://C:/Python/Python37/DLLs" type="simple" />
            <root url="file://D:/Python_Virtual_env/py3_env_02" type="simple" />
            <root url="file://D:/Python_Virtual_env/py3_env_02/Lib/site-packages" type="simple" />
            <root url="file://D:/Python_Virtual_env/py3_env_02/Lib/site-packages/editdistance-0.3.1-py3.7-win32.egg" type="simple" />
            <root url="file://$USER_HOME$/.PyCharm2018.2/system/python_stubs/-1944262867" type="simple" />
            <root url="file://$APPLICATION_HOME_DIR$/helpers/python-skeletons" type="simple" />
            <root url="file://$APPLICATION_HOME_DIR$/helpers/typeshed/stdlib/3.4" type="simple" />
            <root url="file://$APPLICATION_HOME_DIR$/helpers/typeshed/stdlib/3" type="simple" />
            <root url="file://$APPLICATION_HOME_DIR$/helpers/typeshed/stdlib/2and3" type="simple" />
            <root url="file://$APPLICATION_HOME_DIR$/helpers/typeshed/third_party/3" type="simple" />
            <root url="file://$APPLICATION_HOME_DIR$/helpers/typeshed/third_party/2and3" type="simple" />
          </root>
        </classPath>
        <sourcePath>
          <root type="composite" />
        </sourcePath>
      </roots>
      <additional />
    </jdk>
    <jdk version="2">
      <name value="Python 2.7" />
      <type value="Python SDK" />
      <version value="Python 2.7.15" />
      <homePath value="C:/Python/Python27/python.exe" />
      <roots>
        <classPath>
          <root type="composite">
            <root url="file://C:/Python/Python27/DLLs" type="simple" />
            <root url="file://C:/Python/Python27/Lib" type="simple" />
            <root url="file://C:/Python/Python27/Lib/lib-tk" type="simple" />
            <root url="file://C:/Python/Python27" type="simple" />
            <root url="file://C:/Python/Python27/Lib/site-packages" type="simple" />
            <root url="file://$USER_HOME$/.PyCharm2018.2/system/python_stubs/-916455501" type="simple" />
            <root url="file://$APPLICATION_HOME_DIR$/helpers/python-skeletons" type="simple" />
            <root url="file://$APPLICATION_HOME_DIR$/helpers/typeshed/stdlib/2" type="simple" />
            <root url="file://$APPLICATION_HOME_DIR$/helpers/typeshed/stdlib/2and3" type="simple" />
            <root url="file://$APPLICATION_HOME_DIR$/helpers/typeshed/third_party/2" type="simple" />
            <root url="file://$APPLICATION_HOME_DIR$/helpers/typeshed/third_party/2and3" type="simple" />
          </root>
        </classPath>
        <sourcePath>
          <root type="composite" />
        </sourcePath>
      </roots>
      <additional />
    </jdk>
    <jdk version="2">
      <name value="Python 2.7 (py2_env_01)" />
      <type value="Python SDK" />
      <version value="Python 2.7.15" />
      <homePath value="D:/Python_Virtual_env/py2_env_01/Scripts/python.exe" />
      <roots>
        <classPath>
          <root type="composite">
            <root url="file://D:/Python_Virtual_env/py2_env_01/Lib" type="simple" />
            <root url="file://D:/Python_Virtual_env/py2_env_01/Scripts" type="simple" />
            <root url="file://C:/Python/Python27/Lib" type="simple" />
            <root url="file://C:/Python/Python27/DLLs" type="simple" />
            <root url="file://C:/Python/Python27/Lib/lib-tk" type="simple" />
            <root url="file://D:/Python_Virtual_env/py2_env_01" type="simple" />
            <root url="file://D:/Python_Virtual_env/py2_env_01/Lib/site-packages" type="simple" />
            <root url="file://$USER_HOME$/.PyCharm2018.2/system/python_stubs/1797914637" type="simple" />
            <root url="file://$APPLICATION_HOME_DIR$/helpers/python-skeletons" type="simple" />
            <root url="file://$APPLICATION_HOME_DIR$/helpers/typeshed/stdlib/2" type="simple" />
            <root url="file://$APPLICATION_HOME_DIR$/helpers/typeshed/stdlib/2and3" type="simple" />
            <root url="file://$APPLICATION_HOME_DIR$/helpers/typeshed/third_party/2" type="simple" />
            <root url="file://$APPLICATION_HOME_DIR$/helpers/typeshed/third_party/2and3" type="simple" />
          </root>
        </classPath>
        <sourcePath>
          <root type="composite" />
        </sourcePath>
      </roots>
      <additional />
    </jdk>
  </component>
</application>