<application>
  <component name="Trusted.Paths">
    <option name="TRUSTED_PROJECT_PATHS">
      <map>
        <entry key="$USER_HOME$/workspace/WebStorm_workspace/javascript-practise" value="true" />
        <entry key="$USER_HOME$/workspace/WebStorm_workspace/learn_javascript" value="true" />
      </map>
    </option>
  </component>
  <component name="Trusted.Paths.Settings">
    <option name="TRUSTED_PATHS">
      <list>
        <option value="$USER_HOME$/workspace/WebStorm_workspace" />
      </list>
    </option>
  </component>
</application>