<application>
  <component name="WindowManager">
    <frame x="260" y="77" width="1400" height="1000" fullScreen="true" />
  </component>
  <component name="WindowStateApplicationService">
    <state x="960" y="501" width="800" height="650" key="WELCOME_SCREEN" timestamp="1737266751095">
      <screen x="0" y="25" width="1920" height="1104" />
    </state>
    <state x="960" y="501" width="800" height="650" key="WELCOME_SCREEN/0.25.1920.1104" timestamp="1737266751095" />
  </component>
</application>