<application>
  <component name="DimensionService">
    <location key="find.popup.0.0.3584.2240@192dpi" x="1320" y="230" />
    <size key="find.popup.0.0.3584.2240@192dpi" width="1290" height="1578" />
    <size key="GridCell.Tab.0.left.0.0.3584.2240@192dpi" width="3420" height="654" />
    <size key="GridCell.Tab.0.center.0.0.3584.2240@192dpi" width="3420" height="654" />
    <size key="GridCell.Tab.0.right.0.0.3584.2240@192dpi" width="3420" height="654" />
    <size key="GridCell.Tab.0.bottom.0.0.3584.2240@192dpi" width="3420" height="654" />
  </component>
  <component name="WindowManager">
    <frame x="0" y="25" width="1792" height="1038" fullScreen="true" />
  </component>
</application>