<application>
  <component name="DimensionService">
    <location key="find.popup.0.0.3584.2240@192dpi" x="1320" y="230" />
    <location key="find.popup.0.0.1920.1200" x="402" y="179" />
    <size key="find.popup.0.0.3584.2240@192dpi" width="1290" height="1578" />
    <size key="GridCell.Tab.0.left.0.0.3584.2240@192dpi" width="3420" height="654" />
    <size key="GridCell.Tab.0.center.0.0.3584.2240@192dpi" width="3420" height="654" />
    <size key="GridCell.Tab.0.right.0.0.3584.2240@192dpi" width="3420" height="654" />
    <size key="GridCell.Tab.0.bottom.0.0.3584.2240@192dpi" width="3420" height="654" />
    <size key="find.popup.0.0.1920.1200" width="1236" height="864" />
  </component>
  <component name="WindowManager">
    <frame x="0" y="0" width="1920" height="1200" fullScreen="true" />
  </component>
</application>