<application>
  <component name="DimensionService">
    <location key="find.popup.0.0.3584.2240@192dpi" x="1320" y="230" />
    <size key="find.popup.0.0.3584.2240@192dpi" width="1290" height="1578" />
    <size key="GridCell.Tab.0.left.0.0.3584.2240@192dpi" width="3420" height="654" />
    <size key="GridCell.Tab.0.center.0.0.3584.2240@192dpi" width="3420" height="654" />
    <size key="GridCell.Tab.0.right.0.0.3584.2240@192dpi" width="3420" height="654" />
    <size key="GridCell.Tab.0.bottom.0.0.3584.2240@192dpi" width="3420" height="654" />
  </component>
  <component name="WindowManager">
    <frame x="0" y="25" width="1792" height="1038" fullScreen="true" />
  </component>
  <component name="WindowStateApplicationService">
    <state x="896" y="479" width="800" height="650" key="WELCOME_SCREEN" timestamp="1753806102450">
      <screen x="0" y="25" width="1792" height="1038" />
    </state>
    <state x="896" y="479" width="800" height="650" key="WELCOME_SCREEN/0.25.1792.1038" timestamp="1753806102450" />
  </component>
</application>