<application>
  <component name="libraryTable">
    <library name="groovy-3.0.9">
      <CLASSES>
        <root url="jar:///usr/local/dev/groovy/groovy-3.0.9/lib/gpars-1.2.1.jar!/" />
        <root url="jar:///usr/local/dev/groovy/groovy-3.0.9/lib/groovy-datetime-3.0.9.jar!/" />
        <root url="jar:///usr/local/dev/groovy/groovy-3.0.9/lib/commons-logging-1.2.jar!/" />
        <root url="jar:///usr/local/dev/groovy/groovy-3.0.9/lib/javax.servlet.jsp-api-2.3.3.jar!/" />
        <root url="jar:///usr/local/dev/groovy/groovy-3.0.9/lib/jquery-3.5.1.jar!/" />
        <root url="jar:///usr/local/dev/groovy/groovy-3.0.9/lib/groovy-docgenerator-3.0.9.jar!/" />
        <root url="jar:///usr/local/dev/groovy/groovy-3.0.9/lib/jackson-core-2.12.5.jar!/" />
        <root url="jar:///usr/local/dev/groovy/groovy-3.0.9/lib/jsr166y-1.7.0.jar!/" />
        <root url="jar:///usr/local/dev/groovy/groovy-3.0.9/lib/groovy-jmx-3.0.9.jar!/" />
        <root url="jar:///usr/local/dev/groovy/groovy-3.0.9/lib/groovy-console-3.0.9.jar!/" />
        <root url="jar:///usr/local/dev/groovy/groovy-3.0.9/lib/jcommander-1.78.jar!/" />
        <root url="jar:///usr/local/dev/groovy/groovy-3.0.9/lib/groovy-jaxb-3.0.9.jar!/" />
        <root url="jar:///usr/local/dev/groovy/groovy-3.0.9/lib/groovy-servlet-3.0.9.jar!/" />
        <root url="jar:///usr/local/dev/groovy/groovy-3.0.9/lib/bsf-2.4.0.jar!/" />
        <root url="jar:///usr/local/dev/groovy/groovy-3.0.9/lib/groovy-swing-3.0.9.jar!/" />
        <root url="jar:///usr/local/dev/groovy/groovy-3.0.9/lib/groovy-ant-3.0.9.jar!/" />
        <root url="jar:///usr/local/dev/groovy/groovy-3.0.9/lib/multiverse-core-0.7.0.jar!/" />
        <root url="jar:///usr/local/dev/groovy/groovy-3.0.9/lib/testng-7.4.0.jar!/" />
        <root url="jar:///usr/local/dev/groovy/groovy-3.0.9/lib/junit-4.13.2.jar!/" />
        <root url="jar:///usr/local/dev/groovy/groovy-3.0.9/lib/javaparser-core-3.23.0.jar!/" />
        <root url="jar:///usr/local/dev/groovy/groovy-3.0.9/lib/jline-2.14.6.jar!/" />
        <root url="jar:///usr/local/dev/groovy/groovy-3.0.9/lib/ant-launcher-1.10.11.jar!/" />
        <root url="jar:///usr/local/dev/groovy/groovy-3.0.9/lib/groovy-testng-3.0.9.jar!/" />
        <root url="jar:///usr/local/dev/groovy/groovy-3.0.9/lib/qdox-1.12.1.jar!/" />
        <root url="jar:///usr/local/dev/groovy/groovy-3.0.9/lib/org.abego.treelayout.core-1.0.1.jar!/" />
        <root url="jar:///usr/local/dev/groovy/groovy-3.0.9/lib/junit-jupiter-api-5.7.2.jar!/" />
        <root url="jar:///usr/local/dev/groovy/groovy-3.0.9/lib/groovy-yaml-3.0.9.jar!/" />
        <root url="jar:///usr/local/dev/groovy/groovy-3.0.9/lib/mxparser-1.2.2.jar!/" />
        <root url="jar:///usr/local/dev/groovy/groovy-3.0.9/lib/groovy-sql-3.0.9.jar!/" />
        <root url="jar:///usr/local/dev/groovy/groovy-3.0.9/lib/commons-cli-1.4.jar!/" />
        <root url="jar:///usr/local/dev/groovy/groovy-3.0.9/lib/groovy-json-3.0.9.jar!/" />
        <root url="jar:///usr/local/dev/groovy/groovy-3.0.9/lib/snakeyaml-1.27.jar!/" />
        <root url="jar:///usr/local/dev/groovy/groovy-3.0.9/lib/ivy-2.5.0.jar!/" />
        <root url="jar:///usr/local/dev/groovy/groovy-3.0.9/lib/groovy-cli-commons-3.0.9.jar!/" />
        <root url="jar:///usr/local/dev/groovy/groovy-3.0.9/lib/groovy-test-3.0.9.jar!/" />
        <root url="jar:///usr/local/dev/groovy/groovy-3.0.9/lib/javax.servlet-api-4.0.1.jar!/" />
        <root url="jar:///usr/local/dev/groovy/groovy-3.0.9/lib/jansi-2.1.1.jar!/" />
        <root url="jar:///usr/local/dev/groovy/groovy-3.0.9/lib/ant-junit-1.10.11.jar!/" />
        <root url="jar:///usr/local/dev/groovy/groovy-3.0.9/lib/groovy-groovydoc-3.0.9.jar!/" />
        <root url="jar:///usr/local/dev/groovy/groovy-3.0.9/lib/junit-jupiter-engine-5.7.2.jar!/" />
        <root url="jar:///usr/local/dev/groovy/groovy-3.0.9/lib/groovy-cli-picocli-3.0.9.jar!/" />
        <root url="jar:///usr/local/dev/groovy/groovy-3.0.9/lib/jackson-dataformat-yaml-2.12.5.jar!/" />
        <root url="jar:///usr/local/dev/groovy/groovy-3.0.9/lib/hamcrest-core-1.3.jar!/" />
        <root url="jar:///usr/local/dev/groovy/groovy-3.0.9/lib/groovy-bsf-3.0.9.jar!/" />
        <root url="jar:///usr/local/dev/groovy/groovy-3.0.9/lib/groovy-groovysh-3.0.9.jar!/" />
        <root url="jar:///usr/local/dev/groovy/groovy-3.0.9/lib/groovy-templates-3.0.9.jar!/" />
        <root url="jar:///usr/local/dev/groovy/groovy-3.0.9/lib/groovy-macro-3.0.9.jar!/" />
        <root url="jar:///usr/local/dev/groovy/groovy-3.0.9/lib/groovy-nio-3.0.9.jar!/" />
        <root url="jar:///usr/local/dev/groovy/groovy-3.0.9/lib/groovy-astbuilder-3.0.9.jar!/" />
        <root url="jar:///usr/local/dev/groovy/groovy-3.0.9/lib/junit-platform-launcher-1.7.2.jar!/" />
        <root url="jar:///usr/local/dev/groovy/groovy-3.0.9/lib/ant-1.10.11.jar!/" />
        <root url="jar:///usr/local/dev/groovy/groovy-3.0.9/lib/groovy-dateutil-3.0.9.jar!/" />
        <root url="jar:///usr/local/dev/groovy/groovy-3.0.9/lib/jackson-annotations-2.12.5.jar!/" />
        <root url="jar:///usr/local/dev/groovy/groovy-3.0.9/lib/junit-platform-engine-1.7.2.jar!/" />
        <root url="jar:///usr/local/dev/groovy/groovy-3.0.9/lib/jackson-databind-2.12.5.jar!/" />
        <root url="jar:///usr/local/dev/groovy/groovy-3.0.9/lib/ant-antlr-1.10.11.jar!/" />
        <root url="jar:///usr/local/dev/groovy/groovy-3.0.9/lib/xstream-1.4.18.jar!/" />
        <root url="jar:///usr/local/dev/groovy/groovy-3.0.9/lib/junit-platform-commons-1.7.2.jar!/" />
        <root url="jar:///usr/local/dev/groovy/groovy-3.0.9/lib/groovy-jsr223-3.0.9.jar!/" />
        <root url="jar:///usr/local/dev/groovy/groovy-3.0.9/lib/opentest4j-1.2.0.jar!/" />
        <root url="jar:///usr/local/dev/groovy/groovy-3.0.9/lib/groovy-3.0.9.jar!/" />
        <root url="jar:///usr/local/dev/groovy/groovy-3.0.9/lib/groovy-test-junit5-3.0.9.jar!/" />
        <root url="jar:///usr/local/dev/groovy/groovy-3.0.9/lib/groovy-xml-3.0.9.jar!/" />
      </CLASSES>
      <JAVADOC />
      <SOURCES>
        <root url="jar://$USER_HOME$/.ideaLibSources/groovy-3.0.9-sources.jar!/" />
      </SOURCES>
    </library>
  </component>
</application>