<application>
  <component name="CosySettings">
    <option name="dedicatedDomainUrl" value="" />
    <option name="localStoragePath" value="$USER_HOME$/.lingma" />
    <option name="parameter">
      <ChangeUserSettingParams>
        <option name="allowReportUsage" value="true" />
        <option name="cloud">
          <CloudModelParam>
            <option name="autoTrigger">
              <CloudModelAutoTrigger>
                <option name="enable" value="true" />
                <option name="generateLength" value="level_1" />
                <option name="modelLevel" value="large" />
              </CloudModelAutoTrigger>
            </option>
            <option name="enable" value="true" />
            <option name="manualTrigger">
              <CloudModelManualTrigger>
                <option name="generateLength" value="level_2" />
                <option name="modelLevel" value="large" />
              </CloudModelManualTrigger>
            </option>
          </CloudModelParam>
        </option>
        <option name="local">
          <LocalModelParam>
            <option name="enable" value="false" />
            <option name="inferenceMode" value="auto" />
            <option name="maxCandidateNum" value="3" />
          </LocalModelParam>
        </option>
      </ChangeUserSettingParams>
    </option>
    <option name="recentQueries">
      <map>
        <entry key="ei-common-0.0.6|1377982345401655">
          <value>
            <list>
              <option value="为什么不搜索class文件" />
              <option value="搜索class文件中的内容" />
              <option value="IDEA怎么搜索class文件" />
            </list>
          </value>
        </entry>
        <entry key="ei-manchester|1377982345401655">
          <value>
            <list>
              <option value="mybatis-generator，tinyInt用什么接" />
              <option value="jedis的sismember是什么" />
              <option value="jedis的pexpire是什么" />
              <option value="jedis的srem是什么" />
              <option value="tkmybatis怎么指定mysql字段名" />
              <option value="tkmybatis，表的字段名是驼峰的，怎么写domain类" />
              <option value="@Scheduled(fixedRate = 60000)是在什么时候开始执行第一次" />
              <option value="收款公司，怎么翻译" />
              <option value="第三方挂靠公司的收款公司，怎么翻译" />
              <option value="挂靠公司的收款公司，怎么翻译" />
              <option value="五险一金，怎么翻译" />
              <option value="社保，怎么翻译" />
              <option value="拦截，怎么翻译" />
              <option value="垫付，怎么翻译" />
              <option value="调整金额，怎么翻译" />
              <option value="到方法开头和结尾的快捷键是啥" />
              <option value="grpc请求体的大小限制" />
              <option value="判断两个日期的月份是否相同" />
              <option value="without，缩写" />
              <option value="without英文缩写" />
            </list>
          </value>
        </entry>
        <entry key="learn_springboot|1377982345401655">
          <value>
            <list>
              <option value="boolean占几子节" />
              <option value="boolean数组怎么看大小" />
              <option value="parallelStream加上ForkJoinPool" />
            </list>
          </value>
        </entry>
        <entry key="leetcode-mine|1377982345401655">
          <value>
            <list>
              <option value="我的这个写法在算法领域的学名叫什么" />
            </list>
          </value>
        </entry>
        <entry key="manchester-bat-client|1377982345401655">
          <value>
            <list>
              <option value="上面的方案，文本框再高一点" />
              <option value="上面的方案，在两个文本框的下面再加一个文本框，左边给文字提示“ttl：”" />
              <option value="上面的方案，展示框左边的空白宽度小一点，和右边一样" />
              <option value="上面的方案，展示框左边给个文字提示“结果：”" />
              <option value="JComboBox怎么获取当前选择的值" />
              <option value="在“结果：”的下面添加一个按钮" />
              <option value="&quot;Result Button&quot;要和&quot;Click Me&quot;大小一样，然后位置要放在展示框的左边" />
              <option value="Properties打印出所有的" />
              <option value="BatUI，监听回车按键，触发&quot;action&quot;按钮" />
              <option value="没生效" />
              <option value="main方法，args接收参数" />
              <option value="执行jar，接收命令行参数" />
              <option value="只执行指定命名的参数" />
              <option value="idea执行增加命令行参数" />
              <option value="我这个shell脚本为什么执行不了" />
              <option value="/explain code" />
              <option value="这个脚本为啥执行不了" />
              <option value="shell脚本添加注释" />
              <option value="获取Exception报错堆栈" />
              <option value="swing，字体变红" />
            </list>
          </value>
        </entry>
      </map>
    </option>
    <option name="showInlineAcceptTips" value="false" />
    <option name="showInlineCancelTips" value="false" />
    <option name="showInlineTriggerTips" value="false" />
  </component>
</application>