<application>
  <component name="FileTypeManager" version="19">
    <ignoreFiles list="*.hprof;*.pyc;*.pyo;*.rbc;*.yarb;*~;.DS_Store;.git;.hg;.idea;.mypy_cache;.pytest_cache;.ruff_cache;.settings;.svn;.xcodemap;CVS;__pycache__;_svn;vssver.scc;vssver2.scc" />
    <extensionMap>
      <mapping pattern="appenv_cloud" type="AUTO_DETECTED" />
      <mapping pattern="appenv" type="AUTO_DETECTED" />
      <mapping pattern="02_string类型" type="AUTO_DETECTED" />
      <mapping ext="gradle.kts" type="Kotlin" />
      <mapping ext="space.kts" type="Kotlin" />
      <mapping ext="main.kts" type="Kotlin" />
      <mapping ext="key" type="PLAIN_TEXT" />
      <mapping ext="cloud" type="PLAIN_TEXT" />
      <mapping ext="inner" type="PLAIN_TEXT" />
      <mapping ext="crt" type="PLAIN_TEXT" />
      <removed_mapping ext="apk" approved="true" type="ARCHIVE" />
      <removed_mapping ext="bat" approved="true" type="PLAIN_TEXT" />
      <removed_mapping ext="cmd" approved="true" type="PLAIN_TEXT" />
      <removed_mapping ext="psd" approved="true" type="Image" />
      <removed_mapping ext="redis" approved="true" type="Redis" />
    </extensionMap>
  </component>
</application>