<application>
  <component name="RESTKit_GlobalSetting">
    <option name="apiSetting">
      <ApiSetting>
        <option name="crossProjects">
          <set>
            <option value="ei-manchester" />
          </set>
        </option>
        <option name="filterOutProtocols">
          <map>
            <entry key="ei-manchester">
              <value>
                <set />
              </value>
            </entry>
          </map>
        </option>
      </ApiSetting>
    </option>
    <option name="language" value="zh_CN" />
    <option name="toolSetSetting">
      <ToolSetSetting>
        <option name="enabledToolboxTools">
          <list>
            <option value="TOOLBOX_TIME" />
            <option value="TOOLBOX_ENCODING" />
            <option value="TOOLBOX_JSON_FORM" />
            <option value="TOOLBOX_DIGEST_ENCRYPTION" />
            <option value="TOOLBOX_HMAC_ENCRYPTION" />
            <option value="TOOLBOX_AES_ENCRYPTION" />
            <option value="TOOLBOX_FILE_BASE64" />
            <option value="TOOLBOX_RADIX_CONV" />
            <option value="TOOLBOX_CERT" />
          </list>
        </option>
      </ToolSetSetting>
    </option>
  </component>
</application>