<application>
  <component name="RESTKit_GlobalSetting">
    <option name="apiSetting">
      <ApiSetting>
        <option name="crossProjects">
          <set>
            <option value="ei-manchester" />
          </set>
        </option>
        <option name="filterOutProtocols">
          <map>
            <entry key="ei-manchester">
              <value>
                <set />
              </value>
            </entry>
          </map>
        </option>
      </ApiSetting>
    </option>
    <option name="language" value="zh_CN" />
  </component>
</application>