<application>
  <component name="SonarLintGlobalSettings">
    <option name="secretsNeverBeenAnalysed" value="false" />
    <rules>
      <Rule active="false" key="java:S1874" />
      <Rule active="false" key="java:S1488" />
      <Rule active="false" key="java:S1220" />
      <Rule active="false" key="java:S1192" />
      <Rule active="false" key="java:S120" />
      <Rule active="false" key="java:S100" />
      <Rule active="false" key="java:S3011" />
      <Rule active="false" key="java:S2142" />
      <Rule active="false" key="java:S106" />
      <Rule active="false" key="java:S2441" />
      <Rule active="false" key="java:S1659" />
      <Rule active="false" key="java:S2189" />
      <Rule active="false" key="java:S3400" />
      <Rule active="false" key="java:S125" />
      <Rule active="false" key="java:S4973" />
      <Rule active="false" key="java:S3776" />
      <Rule active="false" key="java:S2445" />
      <Rule active="false" key="java:S2699" />
      <Rule active="false" key="java:S1149" />
    </rules>
  </component>
</application>