<application>
  <component name="SonarLintGlobalSettings">
    <option name="rulesByKey">
      <map>
        <entry key="java:S100">
          <value>
            <Rule active="false" key="java:S100" />
          </value>
        </entry>
        <entry key="java:S106">
          <value>
            <Rule active="false" key="java:S106" />
          </value>
        </entry>
        <entry key="java:S1149">
          <value>
            <Rule active="false" key="java:S1149" />
          </value>
        </entry>
        <entry key="java:S1192">
          <value>
            <Rule active="false" key="java:S1192" />
          </value>
        </entry>
        <entry key="java:S120">
          <value>
            <Rule active="false" key="java:S120" />
          </value>
        </entry>
        <entry key="java:S1220">
          <value>
            <Rule active="false" key="java:S1220" />
          </value>
        </entry>
        <entry key="java:S125">
          <value>
            <Rule active="false" key="java:S125" />
          </value>
        </entry>
        <entry key="java:S1481">
          <value>
            <Rule active="false" key="java:S1481" />
          </value>
        </entry>
        <entry key="java:S1488">
          <value>
            <Rule active="false" key="java:S1488" />
          </value>
        </entry>
        <entry key="java:S1659">
          <value>
            <Rule active="false" key="java:S1659" />
          </value>
        </entry>
        <entry key="java:S1854">
          <value>
            <Rule active="false" key="java:S1854" />
          </value>
        </entry>
        <entry key="java:S1874">
          <value>
            <Rule active="false" key="java:S1874" />
          </value>
        </entry>
        <entry key="java:S2095">
          <value>
            <Rule active="false" key="java:S2095" />
          </value>
        </entry>
        <entry key="java:S2142">
          <value>
            <Rule active="false" key="java:S2142" />
          </value>
        </entry>
        <entry key="java:S2189">
          <value>
            <Rule active="false" key="java:S2189" />
          </value>
        </entry>
        <entry key="java:S2441">
          <value>
            <Rule active="false" key="java:S2441" />
          </value>
        </entry>
        <entry key="java:S2445">
          <value>
            <Rule active="false" key="java:S2445" />
          </value>
        </entry>
        <entry key="java:S2699">
          <value>
            <Rule active="false" key="java:S2699" />
          </value>
        </entry>
        <entry key="java:S3011">
          <value>
            <Rule active="false" key="java:S3011" />
          </value>
        </entry>
        <entry key="java:S3358">
          <value>
            <Rule active="false" key="java:S3358" />
          </value>
        </entry>
        <entry key="java:S3400">
          <value>
            <Rule active="false" key="java:S3400" />
          </value>
        </entry>
        <entry key="java:S3599">
          <value>
            <Rule active="false" key="java:S3599" />
          </value>
        </entry>
        <entry key="java:S3776">
          <value>
            <Rule active="false" key="java:S3776" />
          </value>
        </entry>
        <entry key="java:S4973">
          <value>
            <Rule active="false" key="java:S4973" />
          </value>
        </entry>
        <entry key="java:S6213">
          <value>
            <Rule active="false" key="java:S6213" />
          </value>
        </entry>
      </map>
    </option>
    <option name="secretsNeverBeenAnalysed" value="false" />
    <rules>
      <Rule active="false" key="java:S1874" />
      <Rule active="false" key="java:S1192" />
      <Rule active="false" key="java:S2095" />
      <Rule active="false" key="java:S6213" />
      <Rule active="false" key="java:S3400" />
      <Rule active="false" key="java:S4973" />
      <Rule active="false" key="java:S1149" />
      <Rule active="false" key="java:S2699" />
      <Rule active="false" key="java:S1488" />
      <Rule active="false" key="java:S1220" />
      <Rule active="false" key="java:S1481" />
      <Rule active="false" key="java:S120" />
      <Rule active="false" key="java:S100" />
      <Rule active="false" key="java:S3011" />
      <Rule active="false" key="java:S2142" />
      <Rule active="false" key="java:S106" />
      <Rule active="false" key="java:S2441" />
      <Rule active="false" key="java:S2189" />
      <Rule active="false" key="java:S1659" />
      <Rule active="false" key="java:S125" />
      <Rule active="false" key="java:S3599" />
      <Rule active="false" key="java:S1854" />
      <Rule active="false" key="java:S2445" />
      <Rule active="false" key="java:S3776" />
      <Rule active="false" key="java:S3358" />
    </rules>
  </component>
</application>