<application>
  <component name="Trusted.Paths">
    <option name="TRUSTED_PROJECT_PATHS">
      <map>
        <entry key="$USER_HOME$/Desktop/pdd/data" value="true" />
        <entry key="$USER_HOME$/Desktop/test/ei-common-0.0.6/META-INF/maven/com.pdd.ei.inde/ei-common" value="true" />
        <entry key="$USER_HOME$/Desktop/testP1" value="true" />
        <entry key="$USER_HOME$/workspace/IDEA_workspace/java-practise" value="true" />
        <entry key="$USER_HOME$/workspace/IDEA_workspace/learn_concurrency" value="true" />
        <entry key="$USER_HOME$/workspace/IDEA_workspace/learn_netty" value="true" />
        <entry key="$USER_HOME$/workspace/IDEA_workspace/learn_netty/jikeshijian/c01" value="true" />
        <entry key="$USER_HOME$/workspace/IDEA_workspace/learn_netty/jikeshijian/c02" value="true" />
        <entry key="$USER_HOME$/workspace/IDEA_workspace/learn_netty/jikeshijian/c03" value="true" />
        <entry key="$USER_HOME$/workspace/IDEA_workspace/learn_netty/jikeshijian/c04" value="true" />
        <entry key="$USER_HOME$/workspace/IDEA_workspace/learn_netty/jikeshijian/netty-code" value="true" />
        <entry key="$USER_HOME$/workspace/IDEA_workspace/learn_springboot" value="true" />
        <entry key="$USER_HOME$/workspace/IDEA_workspace/learn_springboot/springboot-stage-01" value="true" />
        <entry key="$USER_HOME$/workspace/IDEA_workspace/learn_springboot/springboot-stage-02" value="true" />
        <entry key="$USER_HOME$/workspace/IDEA_workspace/learn_springboot/springboot-stage-03" value="true" />
        <entry key="$USER_HOME$/workspace/IDEA_workspace/leetcode-mine" value="true" />
        <entry key="$USER_HOME$/workspace/pdd/ei-inde-manchester" value="true" />
        <entry key="$USER_HOME$/workspace/pdd/ei-inde-manchester-bk" value="true" />
        <entry key="$USER_HOME$/workspace/pdd/ei-inde-taurus" value="true" />
        <entry key="$USER_HOME$/workspace/pdd/ei-manchester" value="true" />
        <entry key="$USER_HOME$/workspace/pdd/ei-manchester-bk" value="true" />
        <entry key="$USER_HOME$/workspace/pdd/ei-oc" value="true" />
        <entry key="$USER_HOME$/workspace/pdd/ei-tokyo" value="true" />
        <entry key="$USER_HOME$/workspace/pdd/manchester-bat-client" value="true" />
        <entry key="/usr/local/data" value="true" />
      </map>
    </option>
  </component>
  <component name="Trusted.Paths.Settings">
    <option name="TRUSTED_PATHS">
      <list>
        <option value="$USER_HOME$/workspace/IDEA_workspace" />
        <option value="$USER_HOME$/workspace/pdd" />
        <option value="$USER_HOME$/Desktop/pdd" />
        <option value="/usr/local" />
        <option value="$USER_HOME$/Desktop" />
      </list>
    </option>
  </component>
</application>