<application>
  <component name="DimensionService">
    <location key="find.popup.0.0.2560.1440" x="820" y="150" />
    <location key="find.popup.0.0.1920.1200" x="361" y="154" />
    <location key="find.popup.0.0.1920.1080" x="493" y="132" />
    <size key="GridCell.Tab.0.left.0.0.2560.1440" width="2478" height="450" />
    <size key="GridCell.Tab.0.center.0.0.2560.1440" width="2478" height="450" />
    <size key="GridCell.Tab.0.right.0.0.2560.1440" width="2478" height="450" />
    <size key="GridCell.Tab.0.bottom.0.0.2560.1440" width="2478" height="450" />
    <size key="GridCell.Tab.1.left.0.0.2560.1440" width="2478" height="450" />
    <size key="GridCell.Tab.1.center.0.0.2560.1440" width="2478" height="450" />
    <size key="GridCell.Tab.1.right.0.0.2560.1440" width="2478" height="450" />
    <size key="GridCell.Tab.1.bottom.0.0.2560.1440" width="2478" height="450" />
    <size key="find.popup.0.0.2560.1440" width="1124" height="903" />
    <size key="GridCell.Tab.2.left.0.0.2560.1440" width="2478" height="450" />
    <size key="GridCell.Tab.2.center.0.0.2560.1440" width="2478" height="450" />
    <size key="GridCell.Tab.2.right.0.0.2560.1440" width="2478" height="450" />
    <size key="GridCell.Tab.2.bottom.0.0.2560.1440" width="2478" height="450" />
    <size key="find.popup.0.0.1920.1200" width="1091" height="868" />
    <size key="GridCell.Tab.0.right.0.0.1920.1200" width="1838" height="352" />
    <size key="GridCell.Tab.0.left.0.0.1920.1200" width="1838" height="352" />
    <size key="GridCell.Tab.0.center.0.0.1920.1200" width="1838" height="352" />
    <size key="GridCell.Tab.0.bottom.0.0.1920.1200" width="1838" height="352" />
    <size key="GridCell.Tab.1.left.0.0.1920.1200" width="1838" height="352" />
    <size key="GridCell.Tab.1.center.0.0.1920.1200" width="1838" height="352" />
    <size key="GridCell.Tab.1.right.0.0.1920.1200" width="1838" height="352" />
    <size key="GridCell.Tab.1.bottom.0.0.1920.1200" width="1838" height="352" />
    <size key="GridCell.Tab.2.left.0.0.1920.1200" width="1838" height="352" />
    <size key="GridCell.Tab.2.center.0.0.1920.1200" width="1838" height="352" />
    <size key="GridCell.Tab.2.right.0.0.1920.1200" width="1838" height="352" />
    <size key="GridCell.Tab.2.bottom.0.0.1920.1200" width="1838" height="352" />
    <size key="find.popup.0.0.1920.1080" width="1191" height="839" />
    <size key="GridCell.Tab.3.left.0.0.1920.1200" width="1838" height="352" />
    <size key="GridCell.Tab.3.center.0.0.1920.1200" width="1838" height="352" />
    <size key="GridCell.Tab.3.right.0.0.1920.1200" width="1838" height="352" />
    <size key="GridCell.Tab.3.bottom.0.0.1920.1200" width="1838" height="352" />
    <size key="GridCell.Tab.4.left.0.0.1920.1200" width="1838" height="352" />
    <size key="GridCell.Tab.4.center.0.0.1920.1200" width="1838" height="352" />
    <size key="GridCell.Tab.4.right.0.0.1920.1200" width="1838" height="352" />
    <size key="GridCell.Tab.4.bottom.0.0.1920.1200" width="1838" height="352" />
    <size key="GridCell.Tab.5.left.0.0.1920.1200" width="1838" height="352" />
    <size key="GridCell.Tab.5.center.0.0.1920.1200" width="1838" height="352" />
    <size key="GridCell.Tab.5.right.0.0.1920.1200" width="1838" height="352" />
    <size key="GridCell.Tab.5.bottom.0.0.1920.1200" width="1838" height="352" />
  </component>
  <component name="WindowManager">
    <frame x="0" y="0" width="1920" height="1200" fullScreen="true" />
  </component>
  <component name="WindowStateApplicationService">
    <state x="716" y="380" width="625" height="479" key="#com.intellij.ide.actions.ChooseComponentsToExportDialog" timestamp="1737256424120">
      <screen x="0" y="25" width="1920" height="1101" />
    </state>
    <state x="716" y="380" width="625" height="479" key="#com.intellij.ide.actions.ChooseComponentsToExportDialog/0.25.1920.1101" timestamp="1737256424120" />
    <state width="1082" height="106" key="ShowUsagesActions.dimensionServiceKey" timestamp="1737258617921">
      <screen x="0" y="0" width="1920" height="1200" />
    </state>
    <state width="1082" height="106" key="ShowUsagesActions.dimensionServiceKey/0.0.1920.1200" timestamp="1737258617921" />
    <state width="872" height="146" key="ShowUsagesActions.dimensionServiceKey/0.25.1920.1097" timestamp="1733912127273" />
    <state width="817" height="126" key="ShowUsagesActions.dimensionServiceKey/0.25.1920.1099" timestamp="1735478649463" />
    <state width="1524" height="146" key="ShowUsagesActions.dimensionServiceKey/0.25.1920.1101" timestamp="1735227029685" />
    <state width="498" height="126" key="ShowUsagesActions.dimensionServiceKey/0.25.1920.1175" timestamp="1732794392577" />
    <state x="959" y="554" width="1157" height="970" key="WELCOME_SCREEN" timestamp="1737287703183">
      <screen x="0" y="25" width="1920" height="1104" />
    </state>
    <state x="960" y="573" width="1132" height="1097" key="WELCOME_SCREEN/0.25.1920.1097" timestamp="1734436479741" />
    <state x="944" y="619" width="1138" height="986" key="WELCOME_SCREEN/0.25.1920.1099" timestamp="1737253986318" />
    <state x="959" y="552" width="1157" height="967" key="WELCOME_SCREEN/0.25.1920.1101" timestamp="1737258869201" />
    <state x="959" y="553" width="1157" height="968" key="WELCOME_SCREEN/0.25.1920.1102" timestamp="1737265133392" />
    <state x="959" y="554" width="1157" height="970" key="WELCOME_SCREEN/0.25.1920.1104" timestamp="1737287703183" />
  </component>
</application>