<application>
  <component name="DimensionService">
    <location key="find.popup.0.0.2560.1440" x="820" y="150" />
    <location key="find.popup.0.0.1920.1200" x="361" y="154" />
    <location key="find.popup.0.0.1920.1080" x="493" y="132" />
    <size key="GridCell.Tab.0.left.0.0.2560.1440" width="2478" height="450" />
    <size key="GridCell.Tab.0.center.0.0.2560.1440" width="2478" height="450" />
    <size key="GridCell.Tab.0.right.0.0.2560.1440" width="2478" height="450" />
    <size key="GridCell.Tab.0.bottom.0.0.2560.1440" width="2478" height="450" />
    <size key="GridCell.Tab.1.left.0.0.2560.1440" width="2478" height="450" />
    <size key="GridCell.Tab.1.center.0.0.2560.1440" width="2478" height="450" />
    <size key="GridCell.Tab.1.right.0.0.2560.1440" width="2478" height="450" />
    <size key="GridCell.Tab.1.bottom.0.0.2560.1440" width="2478" height="450" />
    <size key="find.popup.0.0.2560.1440" width="1124" height="903" />
    <size key="GridCell.Tab.2.left.0.0.2560.1440" width="2478" height="450" />
    <size key="GridCell.Tab.2.center.0.0.2560.1440" width="2478" height="450" />
    <size key="GridCell.Tab.2.right.0.0.2560.1440" width="2478" height="450" />
    <size key="GridCell.Tab.2.bottom.0.0.2560.1440" width="2478" height="450" />
    <size key="find.popup.0.0.1920.1200" width="1091" height="868" />
    <size key="GridCell.Tab.0.right.0.0.1920.1200" width="1838" height="352" />
    <size key="GridCell.Tab.0.left.0.0.1920.1200" width="1838" height="352" />
    <size key="GridCell.Tab.0.center.0.0.1920.1200" width="1838" height="352" />
    <size key="GridCell.Tab.0.bottom.0.0.1920.1200" width="1838" height="352" />
    <size key="GridCell.Tab.1.left.0.0.1920.1200" width="1838" height="352" />
    <size key="GridCell.Tab.1.center.0.0.1920.1200" width="1838" height="352" />
    <size key="GridCell.Tab.1.right.0.0.1920.1200" width="1838" height="352" />
    <size key="GridCell.Tab.1.bottom.0.0.1920.1200" width="1838" height="352" />
    <size key="GridCell.Tab.2.left.0.0.1920.1200" width="1838" height="352" />
    <size key="GridCell.Tab.2.center.0.0.1920.1200" width="1838" height="352" />
    <size key="GridCell.Tab.2.right.0.0.1920.1200" width="1838" height="352" />
    <size key="GridCell.Tab.2.bottom.0.0.1920.1200" width="1838" height="352" />
    <size key="find.popup.0.0.1920.1080" width="1191" height="839" />
    <size key="GridCell.Tab.3.left.0.0.1920.1200" width="1838" height="352" />
    <size key="GridCell.Tab.3.center.0.0.1920.1200" width="1838" height="352" />
    <size key="GridCell.Tab.3.right.0.0.1920.1200" width="1838" height="352" />
    <size key="GridCell.Tab.3.bottom.0.0.1920.1200" width="1838" height="352" />
    <size key="GridCell.Tab.4.left.0.0.1920.1200" width="1838" height="352" />
    <size key="GridCell.Tab.4.center.0.0.1920.1200" width="1838" height="352" />
    <size key="GridCell.Tab.4.right.0.0.1920.1200" width="1838" height="352" />
    <size key="GridCell.Tab.4.bottom.0.0.1920.1200" width="1838" height="352" />
    <size key="GridCell.Tab.5.left.0.0.1920.1200" width="1838" height="352" />
    <size key="GridCell.Tab.5.center.0.0.1920.1200" width="1838" height="352" />
    <size key="GridCell.Tab.5.right.0.0.1920.1200" width="1838" height="352" />
    <size key="GridCell.Tab.5.bottom.0.0.1920.1200" width="1838" height="352" />
  </component>
  <component name="WindowManager">
    <frame x="0" y="25" width="1792" height="1038" fullScreen="true" />
  </component>
</application>