<application>
  <component name="ProjectManager">
    <defaultProject>
      <component name="AutoImportSettings">
        <option name="autoReloadType" value="SELECTIVE" />
      </component>
      <component name="GOROOT" url="file:///usr/local/go" />
      <component name="JavaScriptLibraryMappings">
        <includedPredefinedLibrary name="Node.js Core" />
      </component>
      <component name="ProjectInspectionProfilesVisibleTreeState">
        <entry key="Project Default">
          <profile-state>
            <expanded-state>
              <State />
              <State>
                <id>Assignment issuesJavaScript</id>
              </State>
              <State>
                <id>Bitwise operation issuesJavaScript</id>
              </State>
              <State>
                <id>EditorConfig</id>
              </State>
              <State>
                <id>GeneralJavaScript</id>
              </State>
              <State>
                <id>JavaScript</id>
              </State>
              <State>
                <id>Potentially confusing code constructsJavaScript</id>
              </State>
              <State>
                <id>Probable bugsJavaScript</id>
              </State>
              <State>
                <id>Spelling</id>
              </State>
              <State>
                <id>XPath</id>
              </State>
            </expanded-state>
            <selected-state>
              <State>
                <id>Spelling</id>
              </State>
            </selected-state>
          </profile-state>
        </entry>
      </component>
      <component name="ProjectRootManager" version="2" project-jdk-name="Python 2.7" project-jdk-type="Python SDK" />
      <component name="ProjectViewState">
        <option name="hideEmptyMiddlePackages" value="true" />
        <option name="showLibraryContents" value="true" />
        <option name="showMembers" value="true" />
      </component>
      <component name="PropertiesComponent"><![CDATA[{
  "keyToString": {
    "go.import.settings.migrated": "true",
    "settings.editor.selected.configurable": "go"
  }
}]]></component>
      <component name="VcsDirectoryMappings" defaultProject="true" />
      <component name="WindowStateProjectService">
        <state x="469" y="142" key="SettingsEditor" timestamp="1737267243434">
          <screen x="0" y="25" width="1920" height="1104" />
        </state>
        <state x="469" y="142" key="SettingsEditor/0.25.1920.1104" timestamp="1737267243434" />
      </component>
    </defaultProject>
  </component>
</application>