<application>
  <component name="ProjectManager">
    <defaultProject>
      <component name="AutoImportSettings">
        <option name="autoReloadType" value="SELECTIVE" />
      </component>
      <component name="GOROOT" url="file:///usr/local/go" />
      <component name="JavaScriptLibraryMappings">
        <includedPredefinedLibrary name="Node.js Core" />
      </component>
      <component name="ProjectInspectionProfilesVisibleTreeState">
        <entry key="Project Default">
          <profile-state>
            <expanded-state>
              <State />
              <State>
                <id>Assignment issuesJavaScript</id>
              </State>
              <State>
                <id>Bitwise operation issuesJavaScript</id>
              </State>
              <State>
                <id>EditorConfig</id>
              </State>
              <State>
                <id>GeneralJavaScript</id>
              </State>
              <State>
                <id>JavaScript</id>
              </State>
              <State>
                <id>Potentially confusing code constructsJavaScript</id>
              </State>
              <State>
                <id>Probable bugsJavaScript</id>
              </State>
              <State>
                <id>Spelling</id>
              </State>
              <State>
                <id>XPath</id>
              </State>
            </expanded-state>
            <selected-state>
              <State>
                <id>Spelling</id>
              </State>
            </selected-state>
          </profile-state>
        </entry>
      </component>
      <component name="ProjectRootManager" version="2" project-jdk-name="Python 2.7" project-jdk-type="Python SDK" />
      <component name="ProjectViewState">
        <option name="hideEmptyMiddlePackages" value="true" />
        <option name="showLibraryContents" value="true" />
        <option name="showMembers" value="true" />
      </component>
      <component name="PropertiesComponent">{
  &quot;keyToString&quot;: {
    &quot;go.import.settings.migrated&quot;: &quot;true&quot;,
    &quot;settings.editor.selected.configurable&quot;: &quot;go&quot;
  }
}</component>
      <component name="WindowStateProjectService">
        <state x="643" y="319" key="#com.intellij.ide.actions.ChooseComponentsToExportDialog" timestamp="1753720429154">
          <screen x="0" y="25" width="1792" height="1038" />
        </state>
        <state x="643" y="319" key="#com.intellij.ide.actions.ChooseComponentsToExportDialog/0.25.1792.1038" timestamp="1753720429154" />
        <state x="405" y="120" key="SettingsEditor" timestamp="1753805636351">
          <screen x="0" y="25" width="1792" height="1038" />
        </state>
        <state x="405" y="120" key="SettingsEditor/0.25.1792.1038" timestamp="1753805636351" />
      </component>
    </defaultProject>
  </component>
</application>