<application>
  <component name="Trusted.Paths">
    <option name="TRUSTED_PROJECT_PATHS">
      <map>
        <entry key="$APPLICATION_CONFIG_DIR$/projects/GoLandWorkspace" value="true" />
        <entry key="$USER_HOME$/workspace/GoLand_workspace/golang-practise" value="true" />
        <entry key="$USER_HOME$/workspace/GoLand_workspace/learn_golang" value="true" />
      </map>
    </option>
  </component>
  <component name="Trusted.Paths.Settings">
    <option name="TRUSTED_PATHS">
      <list>
        <option value="$USER_HOME$/workspace/GoLand_workspace" />
      </list>
    </option>
  </component>
</application>