<application>
  <component name="DimensionService">
    <location key="find.popup.0.0.1920.1200" x="493" y="170" />
    <size key="GridCell.Tab.0.left.0.0.1920.1200" width="1838" height="354" />
    <size key="GridCell.Tab.0.center.0.0.1920.1200" width="1838" height="354" />
    <size key="GridCell.Tab.0.right.0.0.1920.1200" width="1838" height="354" />
    <size key="GridCell.Tab.0.bottom.0.0.1920.1200" width="1838" height="354" />
    <size key="GridCell.Tab.0.left.0.0.3584.2240@192dpi" width="3420" height="732" />
    <size key="GridCell.Tab.0.center.0.0.3584.2240@192dpi" width="3420" height="732" />
    <size key="GridCell.Tab.0.right.0.0.3584.2240@192dpi" width="3420" height="732" />
    <size key="GridCell.Tab.0.bottom.0.0.3584.2240@192dpi" width="3420" height="732" />
    <size key="find.popup.0.0.1920.1200" width="1126" height="850" />
  </component>
  <component name="WindowManager">
    <frame x="355" y="61" width="1400" height="1000" fullScreen="true" />
  </component>
  <component name="WindowStateApplicationService">
    <state width="541" height="134" key="ShowUsagesActions.dimensionServiceKey" timestamp="1769569842383">
      <screen x="0" y="30" width="1920" height="1170" />
    </state>
    <state width="541" height="134" key="ShowUsagesActions.dimensionServiceKey/0.30.1920.1170" timestamp="1769569842383" />
  </component>
</application>