<application>
  <component name="DimensionService">
    <size key="GridCell.Tab.0.left.0.0.1920.1200" width="1838" height="354" />
    <size key="GridCell.Tab.0.center.0.0.1920.1200" width="1838" height="354" />
    <size key="GridCell.Tab.0.right.0.0.1920.1200" width="1838" height="354" />
    <size key="GridCell.Tab.0.bottom.0.0.1920.1200" width="1838" height="354" />
  </component>
  <component name="WindowManager">
    <frame x="260" y="77" width="1400" height="1000" fullScreen="true" />
  </component>
  <component name="WindowStateApplicationService">
    <state x="960" y="501" width="800" height="652" key="WELCOME_SCREEN" timestamp="1737267228750">
      <screen x="0" y="25" width="1920" height="1104" />
    </state>
    <state x="935" y="504" width="800" height="650" key="WELCOME_SCREEN/0.25.1920.1102" timestamp="1737258986152" />
    <state x="960" y="501" width="800" height="652" key="WELCOME_SCREEN/0.25.1920.1104" timestamp="1737267228750" />
    <state x="960" y="502" width="800" height="652" key="WELCOME_SCREEN/0.25.1920.1105" timestamp="1737266967026" />
  </component>
</application>